Datetime,Close
2023-08-07 09:30:00-04:00,252.61000061035156
2023-08-07 09:31:00-04:00,252.97000122070312
2023-08-07 09:32:00-04:00,250.5200958251953
2023-08-07 09:33:00-04:00,251.75
2023-08-07 09:34:00-04:00,251.89999389648438
2023-08-07 09:35:00-04:00,251.5
2023-08-07 09:36:00-04:00,252.49000549316406
2023-08-07 09:37:00-04:00,252.1999969482422
2023-08-07 09:38:00-04:00,251.25
2023-08-07 09:39:00-04:00,250.3300018310547
2023-08-07 09:40:00-04:00,250.17010498046875
2023-08-07 09:41:00-04:00,249.2122039794922
2023-08-07 09:42:00-04:00,249.15020751953125
2023-08-07 09:43:00-04:00,249.02000427246094
2023-08-07 09:44:00-04:00,248.10549926757812
2023-08-07 09:45:00-04:00,248.38330078125
2023-08-07 09:46:00-04:00,248.1199951171875
2023-08-07 09:47:00-04:00,247.42999267578125
2023-08-07 09:48:00-04:00,246.74000549316406
2023-08-07 09:49:00-04:00,246.64999389648438
2023-08-07 09:50:00-04:00,247.19000244140625
2023-08-07 09:51:00-04:00,247.2899932861328
2023-08-07 09:52:00-04:00,248.06500244140625
2023-08-07 09:53:00-04:00,248.2993927001953
2023-08-07 09:54:00-04:00,248.19009399414062
2023-08-07 09:55:00-04:00,248.57960510253906
2023-08-07 09:56:00-04:00,248.52999877929688
2023-08-07 09:57:00-04:00,247.74000549316406
2023-08-07 09:58:00-04:00,246.9600067138672
2023-08-07 09:59:00-04:00,246.02000427246094
2023-08-07 10:00:00-04:00,246.04989624023438
2023-08-07 10:01:00-04:00,246.0449981689453
2023-08-07 10:02:00-04:00,246.4149932861328
2023-08-07 10:03:00-04:00,246.45989990234375
2023-08-07 10:04:00-04:00,246.6199951171875
2023-08-07 10:05:00-04:00,246.25999450683594
2023-08-07 10:06:00-04:00,246.85000610351562
2023-08-07 10:07:00-04:00,247.44500732421875
2023-08-07 10:08:00-04:00,247.80050659179688
2023-08-07 10:09:00-04:00,247.96400451660156
2023-08-07 10:10:00-04:00,247.80999755859375
2023-08-07 10:11:00-04:00,247.6147003173828
2023-08-07 10:12:00-04:00,247.77000427246094
2023-08-07 10:13:00-04:00,247.64999389648438
2023-08-07 10:14:00-04:00,248.07000732421875
2023-08-07 10:15:00-04:00,248.03500366210938
2023-08-07 10:16:00-04:00,248.44000244140625
2023-08-07 10:17:00-04:00,248.5399932861328
2023-08-07 10:18:00-04:00,248.78379821777344
2023-08-07 10:19:00-04:00,249.41000366210938
2023-08-07 10:20:00-04:00,248.97999572753906
2023-08-07 10:21:00-04:00,249.1699981689453
2023-08-07 10:22:00-04:00,248.69000244140625
2023-08-07 10:23:00-04:00,248.6199951171875
2023-08-07 10:24:00-04:00,248.6199951171875
2023-08-07 10:25:00-04:00,248.70660400390625
2023-08-07 10:26:00-04:00,248.9600067138672
2023-08-07 10:27:00-04:00,248.3383026123047
2023-08-07 10:28:00-04:00,248.25469970703125
2023-08-07 10:29:00-04:00,248.173095703125
2023-08-07 10:30:00-04:00,247.7449951171875
2023-08-07 10:31:00-04:00,247.85000610351562
2023-08-07 10:32:00-04:00,248.02000427246094
2023-08-07 10:33:00-04:00,247.65530395507812
2023-08-07 10:34:00-04:00,248.02560424804688
2023-08-07 10:35:00-04:00,248.63999938964844
2023-08-07 10:36:00-04:00,249.0399932861328
2023-08-07 10:37:00-04:00,249.08999633789062
2023-08-07 10:38:00-04:00,248.70550537109375
2023-08-07 10:39:00-04:00,248.6999053955078
2023-08-07 10:40:00-04:00,248.7899932861328
2023-08-07 10:41:00-04:00,248.92999267578125
2023-08-07 10:42:00-04:00,248.10499572753906
2023-08-07 10:43:00-04:00,247.63999938964844
2023-08-07 10:44:00-04:00,247.08999633789062
2023-08-07 10:45:00-04:00,247.10000610351562
2023-08-07 10:46:00-04:00,247.25
2023-08-07 10:47:00-04:00,247.0198974609375
2023-08-07 10:48:00-04:00,246.83999633789062
2023-08-07 10:49:00-04:00,247.17999267578125
2023-08-07 10:50:00-04:00,246.88999938964844
2023-08-07 10:51:00-04:00,246.61000061035156
2023-08-07 10:52:00-04:00,246.5050048828125
2023-08-07 10:53:00-04:00,246.42990112304688
2023-08-07 10:54:00-04:00,246.47000122070312
2023-08-07 10:55:00-04:00,246.13999938964844
2023-08-07 10:56:00-04:00,246.0800018310547
2023-08-07 10:57:00-04:00,246.27000427246094
2023-08-07 10:58:00-04:00,246.6699981689453
2023-08-07 10:59:00-04:00,246.72000122070312
2023-08-07 11:00:00-04:00,246.2449951171875
2023-08-07 11:01:00-04:00,246.08619689941406
2023-08-07 11:03:00-04:00,246.19119262695312
2023-08-07 11:04:00-04:00,245.6300048828125
2023-08-07 11:05:00-04:00,245.5
2023-08-07 11:06:00-04:00,245.0592041015625
2023-08-07 11:07:00-04:00,245.05999755859375
2023-08-07 11:08:00-04:00,245.6300048828125
2023-08-07 11:09:00-04:00,245.47000122070312
2023-08-07 11:10:00-04:00,245.3699951171875
2023-08-07 11:11:00-04:00,245.5399932861328
2023-08-07 11:12:00-04:00,245.85000610351562
2023-08-07 11:13:00-04:00,245.86740112304688
2023-08-07 11:14:00-04:00,245.85000610351562
2023-08-07 11:15:00-04:00,245.4636993408203
2023-08-07 11:16:00-04:00,245.73500061035156
2023-08-07 11:17:00-04:00,245.02499389648438
2023-08-07 11:18:00-04:00,244.44630432128906
2023-08-07 11:19:00-04:00,244.19140625
2023-08-07 11:20:00-04:00,244.43499755859375
2023-08-07 11:21:00-04:00,244.51699829101562
2023-08-07 11:22:00-04:00,244.77999877929688
2023-08-07 11:23:00-04:00,244.61000061035156
2023-08-07 11:24:00-04:00,244.0948944091797
2023-08-07 11:25:00-04:00,244.24220275878906
2023-08-07 11:26:00-04:00,244.06080627441406
2023-08-07 11:27:00-04:00,244.3350067138672
2023-08-07 11:28:00-04:00,244.25
2023-08-07 11:29:00-04:00,244.0041046142578
2023-08-07 11:30:00-04:00,243.74000549316406
2023-08-07 11:31:00-04:00,243.55029296875
2023-08-07 11:32:00-04:00,243.22000122070312
2023-08-07 11:33:00-04:00,242.83999633789062
2023-08-07 11:34:00-04:00,243.3300018310547
2023-08-07 11:35:00-04:00,243.82400512695312
2023-08-07 11:36:00-04:00,243.97000122070312
2023-08-07 11:37:00-04:00,244.29469299316406
2023-08-07 11:38:00-04:00,244.06790161132812
2023-08-07 11:39:00-04:00,244.1699981689453
2023-08-07 11:40:00-04:00,244.4199981689453
2023-08-07 11:41:00-04:00,244.62820434570312
2023-08-07 11:42:00-04:00,244.375
2023-08-07 11:43:00-04:00,244.22999572753906
2023-08-07 11:44:00-04:00,244.4031982421875
2023-08-07 11:45:00-04:00,244.30999755859375
2023-08-07 11:46:00-04:00,244.3699951171875
2023-08-07 11:47:00-04:00,245.13999938964844
2023-08-07 11:48:00-04:00,245.27000427246094
2023-08-07 11:49:00-04:00,245.3699951171875
2023-08-07 11:50:00-04:00,244.69000244140625
2023-08-07 11:51:00-04:00,244.8699951171875
2023-08-07 11:52:00-04:00,244.85000610351562
2023-08-07 11:53:00-04:00,244.44000244140625
2023-08-07 11:54:00-04:00,244.76010131835938
2023-08-07 11:55:00-04:00,245.1300048828125
2023-08-07 11:56:00-04:00,245.02499389648438
2023-08-07 11:57:00-04:00,245.41000366210938
2023-08-07 11:58:00-04:00,245.33999633789062
2023-08-07 11:59:00-04:00,245.64999389648438
2023-08-07 12:00:00-04:00,245.4799041748047
2023-08-07 12:01:00-04:00,246.07090759277344
2023-08-07 12:02:00-04:00,245.97000122070312
2023-08-07 12:03:00-04:00,246.09500122070312
2023-08-07 12:04:00-04:00,245.97500610351562
2023-08-07 12:05:00-04:00,246.09779357910156
2023-08-07 12:06:00-04:00,246.3350067138672
2023-08-07 12:07:00-04:00,246.41000366210938
2023-08-07 12:08:00-04:00,246.39999389648438
2023-08-07 12:09:00-04:00,246.2899932861328
2023-08-07 12:10:00-04:00,246.50999450683594
2023-08-07 12:11:00-04:00,246.0
2023-08-07 12:12:00-04:00,246.1199951171875
2023-08-07 12:13:00-04:00,246.10000610351562
2023-08-07 12:14:00-04:00,245.89999389648438
2023-08-07 12:15:00-04:00,245.64999389648438
2023-08-07 12:16:00-04:00,245.82000732421875
2023-08-07 12:17:00-04:00,246.02999877929688
2023-08-07 12:18:00-04:00,246.38429260253906
2023-08-07 12:19:00-04:00,246.2760009765625
2023-08-07 12:20:00-04:00,246.36000061035156
2023-08-07 12:21:00-04:00,246.59530639648438
2023-08-07 12:22:00-04:00,246.6199951171875
2023-08-07 12:23:00-04:00,246.42999267578125
2023-08-07 12:24:00-04:00,246.7198944091797
2023-08-07 12:25:00-04:00,246.885498046875
2023-08-07 12:26:00-04:00,246.72000122070312
2023-08-07 12:27:00-04:00,246.97120666503906
2023-08-07 12:28:00-04:00,246.9499969482422
2023-08-07 12:29:00-04:00,246.94500732421875
2023-08-07 12:30:00-04:00,246.58990478515625
2023-08-07 12:31:00-04:00,246.33470153808594
2023-08-07 12:32:00-04:00,246.52000427246094
2023-08-07 12:33:00-04:00,246.28990173339844
2023-08-07 12:34:00-04:00,245.99000549316406
2023-08-07 12:35:00-04:00,245.9149932861328
2023-08-07 12:36:00-04:00,246.11000061035156
2023-08-07 12:37:00-04:00,246.3249969482422
2023-08-07 12:38:00-04:00,246.22999572753906
2023-08-07 12:39:00-04:00,246.10499572753906
2023-08-07 12:40:00-04:00,246.36000061035156
2023-08-07 12:41:00-04:00,245.94500732421875
2023-08-07 12:42:00-04:00,245.7198944091797
2023-08-07 12:43:00-04:00,246.04010009765625
2023-08-07 12:44:00-04:00,246.2362060546875
2023-08-07 12:45:00-04:00,246.1649932861328
2023-08-07 12:46:00-04:00,245.88999938964844
2023-08-07 12:47:00-04:00,245.99009704589844
2023-08-07 12:48:00-04:00,246.1199951171875
2023-08-07 12:49:00-04:00,246.4199981689453
2023-08-07 12:50:00-04:00,246.54989624023438
2023-08-07 12:51:00-04:00,246.36000061035156
2023-08-07 12:53:00-04:00,246.49000549316406
2023-08-07 12:54:00-04:00,246.60629272460938
2023-08-07 12:55:00-04:00,246.31629943847656
2023-08-07 12:56:00-04:00,245.8699951171875
2023-08-07 12:57:00-04:00,246.0500030517578
2023-08-07 12:58:00-04:00,246.0457000732422
2023-08-07 12:59:00-04:00,246.01199340820312
2023-08-07 13:00:00-04:00,245.83999633789062
2023-08-07 13:01:00-04:00,245.97999572753906
2023-08-07 13:02:00-04:00,245.6425018310547
2023-08-07 13:03:00-04:00,245.57730102539062
2023-08-07 13:04:00-04:00,245.6300048828125
2023-08-07 13:05:00-04:00,245.92999267578125
2023-08-07 13:06:00-04:00,246.05999755859375
2023-08-07 13:07:00-04:00,245.90179443359375
2023-08-07 13:08:00-04:00,245.9040985107422
2023-08-07 13:09:00-04:00,246.04989624023438
2023-08-07 13:10:00-04:00,245.89999389648438
2023-08-07 13:11:00-04:00,246.0500030517578
2023-08-07 13:12:00-04:00,246.30999755859375
2023-08-07 13:13:00-04:00,246.07009887695312
2023-08-07 13:14:00-04:00,245.8470001220703
2023-08-07 13:15:00-04:00,245.77999877929688
2023-08-07 13:16:00-04:00,246.125
2023-08-07 13:17:00-04:00,246.01849365234375
2023-08-07 13:18:00-04:00,246.06219482421875
2023-08-07 13:19:00-04:00,246.2301025390625
2023-08-07 13:20:00-04:00,246.54949951171875
2023-08-07 13:21:00-04:00,246.6199951171875
2023-08-07 13:22:00-04:00,246.49000549316406
2023-08-07 13:23:00-04:00,246.6300048828125
2023-08-07 13:24:00-04:00,246.4499053955078
2023-08-07 13:25:00-04:00,246.60000610351562
2023-08-07 13:26:00-04:00,246.8249969482422
2023-08-07 13:27:00-04:00,246.82000732421875
2023-08-07 13:28:00-04:00,246.69309997558594
2023-08-07 13:29:00-04:00,246.72000122070312
2023-08-07 13:30:00-04:00,246.47000122070312
2023-08-07 13:31:00-04:00,246.5500030517578
2023-08-07 13:32:00-04:00,246.3800048828125
2023-08-07 13:33:00-04:00,246.73789978027344
2023-08-07 13:34:00-04:00,246.80499267578125
2023-08-07 13:35:00-04:00,247.47999572753906
2023-08-07 13:36:00-04:00,247.69500732421875
2023-08-07 13:37:00-04:00,247.6199951171875
2023-08-07 13:38:00-04:00,247.6750030517578
2023-08-07 13:39:00-04:00,247.51429748535156
2023-08-07 13:40:00-04:00,248.00039672851562
2023-08-07 13:41:00-04:00,247.77999877929688
2023-08-07 13:42:00-04:00,247.75999450683594
2023-08-07 13:43:00-04:00,247.61500549316406
2023-08-07 13:44:00-04:00,248.15870666503906
2023-08-07 13:45:00-04:00,247.875
2023-08-07 13:46:00-04:00,247.3618927001953
2023-08-07 13:47:00-04:00,247.59820556640625
2023-08-07 13:48:00-04:00,247.99000549316406
2023-08-07 13:49:00-04:00,248.36500549316406
2023-08-07 13:50:00-04:00,248.3533935546875
2023-08-07 13:51:00-04:00,248.19000244140625
2023-08-07 13:52:00-04:00,248.302001953125
2023-08-07 13:53:00-04:00,248.41000366210938
2023-08-07 13:54:00-04:00,248.42999267578125
2023-08-07 13:55:00-04:00,248.53990173339844
2023-08-07 13:56:00-04:00,248.375
2023-08-07 13:57:00-04:00,248.54989624023438
2023-08-07 13:58:00-04:00,248.38499450683594
2023-08-07 13:59:00-04:00,248.38499450683594
2023-08-07 14:00:00-04:00,248.4799041748047
2023-08-07 14:01:00-04:00,248.63999938964844
2023-08-07 14:02:00-04:00,248.74349975585938
2023-08-07 14:03:00-04:00,248.66000366210938
2023-08-07 14:04:00-04:00,248.3000030517578
2023-08-07 14:05:00-04:00,248.32440185546875
2023-08-07 14:06:00-04:00,248.33030700683594
2023-08-07 14:07:00-04:00,248.1199951171875
2023-08-07 14:08:00-04:00,247.98989868164062
2023-08-07 14:09:00-04:00,248.15499877929688
2023-08-07 14:10:00-04:00,248.02130126953125
2023-08-07 14:11:00-04:00,248.00140380859375
2023-08-07 14:12:00-04:00,248.375
2023-08-07 14:13:00-04:00,248.22999572753906
2023-08-07 14:14:00-04:00,248.0500030517578
2023-08-07 14:15:00-04:00,248.25
2023-08-07 14:16:00-04:00,248.1649932861328
2023-08-07 14:17:00-04:00,248.25
2023-08-07 14:18:00-04:00,248.69500732421875
2023-08-07 14:19:00-04:00,249.16990661621094
2023-08-07 14:20:00-04:00,249.42999267578125
2023-08-07 14:21:00-04:00,249.2899932861328
2023-08-07 14:22:00-04:00,249.37440490722656
2023-08-07 14:23:00-04:00,249.3406982421875
2023-08-07 14:24:00-04:00,249.1699981689453
2023-08-07 14:25:00-04:00,248.66000366210938
2023-08-07 14:26:00-04:00,248.67010498046875
2023-08-07 14:27:00-04:00,248.71060180664062
2023-08-07 14:28:00-04:00,248.72999572753906
2023-08-07 14:29:00-04:00,248.72999572753906
2023-08-07 14:30:00-04:00,248.9499969482422
2023-08-07 14:31:00-04:00,249.122802734375
2023-08-07 14:32:00-04:00,249.20590209960938
2023-08-07 14:33:00-04:00,249.49000549316406
2023-08-07 14:34:00-04:00,249.42010498046875
2023-08-07 14:35:00-04:00,249.61439514160156
2023-08-07 14:36:00-04:00,249.61880493164062
2023-08-07 14:37:00-04:00,249.44500732421875
2023-08-07 14:38:00-04:00,249.69000244140625
2023-08-07 14:39:00-04:00,249.6300048828125
2023-08-07 14:40:00-04:00,249.6363067626953
2023-08-07 14:41:00-04:00,249.58999633789062
2023-08-07 14:42:00-04:00,249.42999267578125
2023-08-07 14:43:00-04:00,249.39999389648438
2023-08-07 14:44:00-04:00,249.29969787597656
2023-08-07 14:45:00-04:00,249.07009887695312
2023-08-07 14:46:00-04:00,249.37660217285156
2023-08-07 14:47:00-04:00,249.1999053955078
2023-08-07 14:48:00-04:00,249.17999267578125
2023-08-07 14:49:00-04:00,249.42999267578125
2023-08-07 14:50:00-04:00,249.45550537109375
2023-08-07 14:51:00-04:00,249.2707977294922
2023-08-07 14:52:00-04:00,249.11459350585938
2023-08-07 14:53:00-04:00,249.2906036376953
2023-08-07 14:54:00-04:00,249.4001007080078
2023-08-07 14:55:00-04:00,249.4250030517578
2023-08-07 14:56:00-04:00,249.58999633789062
2023-08-07 14:57:00-04:00,249.5800018310547
2023-08-07 14:58:00-04:00,249.19140625
2023-08-07 14:59:00-04:00,249.30999755859375
2023-08-07 15:00:00-04:00,249.8675994873047
2023-08-07 15:01:00-04:00,250.36500549316406
2023-08-07 15:02:00-04:00,250.16990661621094
2023-08-07 15:03:00-04:00,250.20379638671875
2023-08-07 15:04:00-04:00,250.06640625
2023-08-07 15:05:00-04:00,250.1645965576172
2023-08-07 15:06:00-04:00,250.3721923828125
2023-08-07 15:07:00-04:00,250.25
2023-08-07 15:08:00-04:00,250.18789672851562
2023-08-07 15:09:00-04:00,250.22000122070312
2023-08-07 15:10:00-04:00,250.36500549316406
2023-08-07 15:11:00-04:00,249.97999572753906
2023-08-07 15:12:00-04:00,249.8800048828125
2023-08-07 15:13:00-04:00,249.8350067138672
2023-08-07 15:14:00-04:00,249.8300018310547
2023-08-07 15:15:00-04:00,249.5767059326172
2023-08-07 15:16:00-04:00,249.51820373535156
2023-08-07 15:17:00-04:00,249.6999969482422
2023-08-07 15:18:00-04:00,249.64500427246094
2023-08-07 15:19:00-04:00,249.58999633789062
2023-08-07 15:20:00-04:00,249.6699981689453
2023-08-07 15:21:00-04:00,249.5800018310547
2023-08-07 15:22:00-04:00,249.99989318847656
2023-08-07 15:23:00-04:00,249.8699951171875
2023-08-07 15:24:00-04:00,250.05999755859375
2023-08-07 15:25:00-04:00,249.9199981689453
2023-08-07 15:26:00-04:00,250.125
2023-08-07 15:27:00-04:00,249.98500061035156
2023-08-07 15:28:00-04:00,249.82000732421875
2023-08-07 15:29:00-04:00,249.64920043945312
2023-08-07 15:30:00-04:00,249.65089416503906
2023-08-07 15:31:00-04:00,249.4300994873047
2023-08-07 15:32:00-04:00,249.75999450683594
2023-08-07 15:33:00-04:00,249.74000549316406
2023-08-07 15:34:00-04:00,250.00010681152344
2023-08-07 15:35:00-04:00,249.9499969482422
2023-08-07 15:36:00-04:00,249.97999572753906
2023-08-07 15:37:00-04:00,249.97999572753906
2023-08-07 15:38:00-04:00,250.33999633789062
2023-08-07 15:39:00-04:00,250.43499755859375
2023-08-07 15:40:00-04:00,250.5
2023-08-07 15:41:00-04:00,250.33999633789062
2023-08-07 15:42:00-04:00,250.33999633789062
2023-08-07 15:43:00-04:00,250.3699951171875
2023-08-07 15:44:00-04:00,249.97999572753906
2023-08-07 15:45:00-04:00,249.84010314941406
2023-08-07 15:46:00-04:00,249.86990356445312
2023-08-07 15:47:00-04:00,250.24000549316406
2023-08-07 15:48:00-04:00,250.45120239257812
2023-08-07 15:49:00-04:00,250.68600463867188
2023-08-07 15:50:00-04:00,250.79879760742188
2023-08-07 15:51:00-04:00,250.75
2023-08-07 15:52:00-04:00,250.72540283203125
2023-08-07 15:53:00-04:00,250.85499572753906
2023-08-07 15:54:00-04:00,250.7449951171875
2023-08-07 15:55:00-04:00,251.09829711914062
2023-08-07 15:56:00-04:00,251.09249877929688
2023-08-07 15:57:00-04:00,251.08999633789062
2023-08-07 15:58:00-04:00,251.1999969482422
2023-08-07 15:59:00-04:00,251.41000366210938
2023-08-08 09:30:00-04:00,248.77040100097656
2023-08-08 09:31:00-04:00,248.5
2023-08-08 09:32:00-04:00,248.0399932861328
2023-08-08 09:33:00-04:00,248.33999633789062
2023-08-08 09:34:00-04:00,248.78729248046875
2023-08-08 09:35:00-04:00,248.4600067138672
2023-08-08 09:36:00-04:00,248.5883026123047
2023-08-08 09:37:00-04:00,247.35000610351562
2023-08-08 09:38:00-04:00,246.72999572753906
2023-08-08 09:39:00-04:00,247.0399932861328
2023-08-08 09:40:00-04:00,246.78500366210938
2023-08-08 09:41:00-04:00,246.8040008544922
2023-08-08 09:42:00-04:00,247.38999938964844
2023-08-08 09:43:00-04:00,247.3000030517578
2023-08-08 09:44:00-04:00,247.25
2023-08-08 09:45:00-04:00,246.71009826660156
2023-08-08 09:46:00-04:00,246.78829956054688
2023-08-08 09:47:00-04:00,246.3800048828125
2023-08-08 09:48:00-04:00,246.1367950439453
2023-08-08 09:49:00-04:00,245.4499969482422
2023-08-08 09:50:00-04:00,245.11000061035156
2023-08-08 09:51:00-04:00,245.5
2023-08-08 09:52:00-04:00,245.523193359375
2023-08-08 09:53:00-04:00,245.8800048828125
2023-08-08 09:54:00-04:00,246.3000030517578
2023-08-08 09:55:00-04:00,246.6999969482422
2023-08-08 09:56:00-04:00,246.92999267578125
2023-08-08 09:57:00-04:00,247.07000732421875
2023-08-08 09:58:00-04:00,246.8314971923828
2023-08-08 09:59:00-04:00,246.97000122070312
2023-08-08 10:00:00-04:00,246.55999755859375
2023-08-08 10:01:00-04:00,246.1750030517578
2023-08-08 10:02:00-04:00,246.39999389648438
2023-08-08 10:03:00-04:00,247.5399932861328
2023-08-08 10:04:00-04:00,248.5399932861328
2023-08-08 10:05:00-04:00,249.13009643554688
2023-08-08 10:06:00-04:00,249.6699981689453
2023-08-08 10:07:00-04:00,249.08009338378906
2023-08-08 10:08:00-04:00,248.97000122070312
2023-08-08 10:09:00-04:00,248.89999389648438
2023-08-08 10:10:00-04:00,248.25729370117188
2023-08-08 10:11:00-04:00,248.0634002685547
2023-08-08 10:12:00-04:00,248.66000366210938
2023-08-08 10:13:00-04:00,249.26370239257812
2023-08-08 10:14:00-04:00,248.72129821777344
2023-08-08 10:15:00-04:00,248.32000732421875
2023-08-08 10:16:00-04:00,248.89999389648438
2023-08-08 10:17:00-04:00,249.1199951171875
2023-08-08 10:18:00-04:00,249.17990112304688
2023-08-08 10:19:00-04:00,249.32989501953125
2023-08-08 10:20:00-04:00,249.55999755859375
2023-08-08 10:21:00-04:00,249.00999450683594
2023-08-08 10:22:00-04:00,249.0
2023-08-08 10:23:00-04:00,249.1199951171875
2023-08-08 10:24:00-04:00,249.1083984375
2023-08-08 10:25:00-04:00,248.81930541992188
2023-08-08 10:26:00-04:00,249.33070373535156
2023-08-08 10:27:00-04:00,249.84500122070312
2023-08-08 10:28:00-04:00,250.22000122070312
2023-08-08 10:29:00-04:00,250.11990356445312
2023-08-08 10:30:00-04:00,249.8000030517578
2023-08-08 10:31:00-04:00,249.4958953857422
2023-08-08 10:32:00-04:00,249.1510009765625
2023-08-08 10:33:00-04:00,248.77999877929688
2023-08-08 10:34:00-04:00,248.77499389648438
2023-08-08 10:35:00-04:00,248.68850708007812
2023-08-08 10:36:00-04:00,248.5034942626953
2023-08-08 10:37:00-04:00,248.34500122070312
2023-08-08 10:38:00-04:00,248.59500122070312
2023-08-08 10:39:00-04:00,249.11990356445312
2023-08-08 10:40:00-04:00,249.05999755859375
2023-08-08 10:41:00-04:00,249.67999267578125
2023-08-08 10:42:00-04:00,249.80499267578125
2023-08-08 10:43:00-04:00,250.36500549316406
2023-08-08 10:44:00-04:00,250.69000244140625
2023-08-08 10:45:00-04:00,250.38009643554688
2023-08-08 10:46:00-04:00,250.02999877929688
2023-08-08 10:47:00-04:00,250.1999969482422
2023-08-08 10:48:00-04:00,249.6999969482422
2023-08-08 10:49:00-04:00,249.5489044189453
2023-08-08 10:50:00-04:00,249.8000030517578
2023-08-08 10:51:00-04:00,249.593505859375
2023-08-08 10:52:00-04:00,249.73680114746094
2023-08-08 10:53:00-04:00,249.70010375976562
2023-08-08 10:54:00-04:00,250.4429931640625
2023-08-08 10:55:00-04:00,250.02920532226562
2023-08-08 10:56:00-04:00,249.74000549316406
2023-08-08 10:57:00-04:00,249.4499969482422
2023-08-08 10:58:00-04:00,249.2949981689453
2023-08-08 10:59:00-04:00,249.08009338378906
2023-08-08 11:00:00-04:00,249.22000122070312
2023-08-08 11:01:00-04:00,249.11990356445312
2023-08-08 11:02:00-04:00,248.72000122070312
2023-08-08 11:03:00-04:00,249.11000061035156
2023-08-08 11:04:00-04:00,248.86700439453125
2023-08-08 11:05:00-04:00,249.02999877929688
2023-08-08 11:06:00-04:00,249.1999969482422
2023-08-08 11:07:00-04:00,248.97999572753906
2023-08-08 11:08:00-04:00,248.30999755859375
2023-08-08 11:09:00-04:00,248.5998992919922
2023-08-08 11:10:00-04:00,248.375
2023-08-08 11:11:00-04:00,248.10000610351562
2023-08-08 11:12:00-04:00,248.1999969482422
2023-08-08 11:13:00-04:00,248.52000427246094
2023-08-08 11:14:00-04:00,248.82000732421875
2023-08-08 11:15:00-04:00,248.8800048828125
2023-08-08 11:16:00-04:00,248.86500549316406
2023-08-08 11:17:00-04:00,248.58999633789062
2023-08-08 11:18:00-04:00,249.13800048828125
2023-08-08 11:19:00-04:00,249.22999572753906
2023-08-08 11:20:00-04:00,248.85389709472656
2023-08-08 11:21:00-04:00,248.42999267578125
2023-08-08 11:22:00-04:00,247.91000366210938
2023-08-08 11:23:00-04:00,247.84959411621094
2023-08-08 11:24:00-04:00,247.89500427246094
2023-08-08 11:25:00-04:00,247.50010681152344
2023-08-08 11:26:00-04:00,247.61500549316406
2023-08-08 11:27:00-04:00,247.9770050048828
2023-08-08 11:28:00-04:00,248.02000427246094
2023-08-08 11:29:00-04:00,248.0
2023-08-08 11:30:00-04:00,247.9636993408203
2023-08-08 11:31:00-04:00,247.5500030517578
2023-08-08 11:32:00-04:00,247.84339904785156
2023-08-08 11:33:00-04:00,247.25
2023-08-08 11:34:00-04:00,247.1750030517578
2023-08-08 11:35:00-04:00,247.08120727539062
2023-08-08 11:36:00-04:00,247.35000610351562
2023-08-08 11:37:00-04:00,247.77000427246094
2023-08-08 11:38:00-04:00,247.9600067138672
2023-08-08 11:39:00-04:00,247.77000427246094
2023-08-08 11:40:00-04:00,247.3350067138672
2023-08-08 11:41:00-04:00,247.0
2023-08-08 11:42:00-04:00,246.72000122070312
2023-08-08 11:43:00-04:00,246.5
2023-08-08 11:44:00-04:00,246.67999267578125
2023-08-08 11:45:00-04:00,246.8582000732422
2023-08-08 11:46:00-04:00,246.66110229492188
2023-08-08 11:47:00-04:00,246.74789428710938
2023-08-08 11:48:00-04:00,246.71449279785156
2023-08-08 11:49:00-04:00,246.5126953125
2023-08-08 11:50:00-04:00,246.6999969482422
2023-08-08 11:51:00-04:00,247.0500030517578
2023-08-08 11:52:00-04:00,246.60000610351562
2023-08-08 11:53:00-04:00,246.91000366210938
2023-08-08 11:54:00-04:00,246.7899932861328
2023-08-08 11:55:00-04:00,246.8699951171875
2023-08-08 11:56:00-04:00,247.25599670410156
2023-08-08 11:57:00-04:00,247.352294921875
2023-08-08 11:58:00-04:00,247.08070373535156
2023-08-08 11:59:00-04:00,246.89999389648438
2023-08-08 12:00:00-04:00,246.8498992919922
2023-08-08 12:01:00-04:00,246.7899932861328
2023-08-08 12:02:00-04:00,247.00289916992188
2023-08-08 12:03:00-04:00,247.27200317382812
2023-08-08 12:04:00-04:00,247.27999877929688
2023-08-08 12:05:00-04:00,247.5800018310547
2023-08-08 12:06:00-04:00,247.71099853515625
2023-08-08 12:07:00-04:00,247.58009338378906
2023-08-08 12:08:00-04:00,247.64500427246094
2023-08-08 12:09:00-04:00,247.77000427246094
2023-08-08 12:10:00-04:00,247.62550354003906
2023-08-08 12:11:00-04:00,247.60499572753906
2023-08-08 12:12:00-04:00,247.44000244140625
2023-08-08 12:13:00-04:00,247.47500610351562
2023-08-08 12:14:00-04:00,247.5399932861328
2023-08-08 12:15:00-04:00,247.82000732421875
2023-08-08 12:16:00-04:00,247.9199981689453
2023-08-08 12:17:00-04:00,248.03619384765625
2023-08-08 12:18:00-04:00,248.15060424804688
2023-08-08 12:19:00-04:00,248.5399932861328
2023-08-08 12:20:00-04:00,248.1699981689453
2023-08-08 12:21:00-04:00,248.25999450683594
2023-08-08 12:22:00-04:00,248.17999267578125
2023-08-08 12:23:00-04:00,248.33999633789062
2023-08-08 12:24:00-04:00,248.235107421875
2023-08-08 12:25:00-04:00,248.13999938964844
2023-08-08 12:26:00-04:00,247.97000122070312
2023-08-08 12:27:00-04:00,247.9600067138672
2023-08-08 12:28:00-04:00,247.90499877929688
2023-08-08 12:29:00-04:00,247.88499450683594
2023-08-08 12:30:00-04:00,248.22500610351562
2023-08-08 12:31:00-04:00,248.3101043701172
2023-08-08 12:32:00-04:00,248.4199981689453
2023-08-08 12:33:00-04:00,248.5850067138672
2023-08-08 12:34:00-04:00,248.64500427246094
2023-08-08 12:35:00-04:00,248.58999633789062
2023-08-08 12:36:00-04:00,248.3699951171875
2023-08-08 12:37:00-04:00,248.23989868164062
2023-08-08 12:38:00-04:00,248.2292938232422
2023-08-08 12:39:00-04:00,248.0030975341797
2023-08-08 12:40:00-04:00,248.03990173339844
2023-08-08 12:41:00-04:00,247.6800994873047
2023-08-08 12:42:00-04:00,247.41990661621094
2023-08-08 12:43:00-04:00,247.34100341796875
2023-08-08 12:44:00-04:00,247.4459991455078
2023-08-08 12:45:00-04:00,247.4199981689453
2023-08-08 12:46:00-04:00,247.4499969482422
2023-08-08 12:47:00-04:00,247.5800018310547
2023-08-08 12:48:00-04:00,247.72999572753906
2023-08-08 12:49:00-04:00,247.69000244140625
2023-08-08 12:50:00-04:00,247.47999572753906
2023-08-08 12:51:00-04:00,247.8000946044922
2023-08-08 12:52:00-04:00,247.72000122070312
2023-08-08 12:53:00-04:00,247.72000122070312
2023-08-08 12:54:00-04:00,247.61000061035156
2023-08-08 12:55:00-04:00,247.73500061035156
2023-08-08 12:56:00-04:00,247.80999755859375
2023-08-08 12:57:00-04:00,247.5699005126953
2023-08-08 12:58:00-04:00,248.05499267578125
2023-08-08 12:59:00-04:00,248.4803924560547
2023-08-08 13:00:00-04:00,248.37840270996094
2023-08-08 13:01:00-04:00,248.75
2023-08-08 13:02:00-04:00,248.70849609375
2023-08-08 13:03:00-04:00,248.92999267578125
2023-08-08 13:04:00-04:00,248.82000732421875
2023-08-08 13:05:00-04:00,248.65679931640625
2023-08-08 13:06:00-04:00,248.73370361328125
2023-08-08 13:07:00-04:00,248.92990112304688
2023-08-08 13:08:00-04:00,248.86990356445312
2023-08-08 13:09:00-04:00,248.60850524902344
2023-08-08 13:10:00-04:00,248.64500427246094
2023-08-08 13:11:00-04:00,248.5
2023-08-08 13:12:00-04:00,248.82000732421875
2023-08-08 13:13:00-04:00,248.97500610351562
2023-08-08 13:14:00-04:00,249.21119689941406
2023-08-08 13:15:00-04:00,249.44000244140625
2023-08-08 13:16:00-04:00,249.38059997558594
2023-08-08 13:17:00-04:00,249.39999389648438
2023-08-08 13:18:00-04:00,249.22000122070312
2023-08-08 13:19:00-04:00,249.21519470214844
2023-08-08 13:20:00-04:00,249.25
2023-08-08 13:21:00-04:00,249.1699981689453
2023-08-08 13:22:00-04:00,249.27000427246094
2023-08-08 13:23:00-04:00,249.08999633789062
2023-08-08 13:24:00-04:00,249.0449981689453
2023-08-08 13:25:00-04:00,248.95770263671875
2023-08-08 13:26:00-04:00,248.8800048828125
2023-08-08 13:27:00-04:00,248.939697265625
2023-08-08 13:28:00-04:00,248.95899963378906
2023-08-08 13:29:00-04:00,249.1699981689453
2023-08-08 13:30:00-04:00,249.42999267578125
2023-08-08 13:31:00-04:00,249.39999389648438
2023-08-08 13:32:00-04:00,249.36000061035156
2023-08-08 13:33:00-04:00,249.36070251464844
2023-08-08 13:34:00-04:00,249.10000610351562
2023-08-08 13:35:00-04:00,248.7512969970703
2023-08-08 13:36:00-04:00,248.36000061035156
2023-08-08 13:37:00-04:00,248.8000030517578
2023-08-08 13:38:00-04:00,249.1479949951172
2023-08-08 13:39:00-04:00,249.3011016845703
2023-08-08 13:40:00-04:00,249.25
2023-08-08 13:41:00-04:00,249.19000244140625
2023-08-08 13:42:00-04:00,249.17559814453125
2023-08-08 13:43:00-04:00,249.00999450683594
2023-08-08 13:44:00-04:00,249.02999877929688
2023-08-08 13:45:00-04:00,249.25999450683594
2023-08-08 13:46:00-04:00,248.8699951171875
2023-08-08 13:47:00-04:00,248.77999877929688
2023-08-08 13:48:00-04:00,248.82000732421875
2023-08-08 13:49:00-04:00,248.80999755859375
2023-08-08 13:50:00-04:00,249.07009887695312
2023-08-08 13:51:00-04:00,249.13999938964844
2023-08-08 13:52:00-04:00,249.35000610351562
2023-08-08 13:53:00-04:00,249.39999389648438
2023-08-08 13:54:00-04:00,249.2252960205078
2023-08-08 13:55:00-04:00,249.25990295410156
2023-08-08 13:56:00-04:00,248.92999267578125
2023-08-08 13:57:00-04:00,249.0
2023-08-08 13:58:00-04:00,249.00999450683594
2023-08-08 13:59:00-04:00,249.14649963378906
2023-08-08 14:00:00-04:00,249.0341033935547
2023-08-08 14:01:00-04:00,249.12989807128906
2023-08-08 14:02:00-04:00,249.00149536132812
2023-08-08 14:03:00-04:00,248.82000732421875
2023-08-08 14:04:00-04:00,248.85000610351562
2023-08-08 14:05:00-04:00,248.80409240722656
2023-08-08 14:06:00-04:00,249.02999877929688
2023-08-08 14:07:00-04:00,249.11000061035156
2023-08-08 14:08:00-04:00,249.17909240722656
2023-08-08 14:09:00-04:00,248.89999389648438
2023-08-08 14:10:00-04:00,248.85000610351562
2023-08-08 14:11:00-04:00,249.0731964111328
2023-08-08 14:12:00-04:00,249.28990173339844
2023-08-08 14:13:00-04:00,249.91009521484375
2023-08-08 14:14:00-04:00,249.76499938964844
2023-08-08 14:15:00-04:00,249.9398956298828
2023-08-08 14:16:00-04:00,249.82000732421875
2023-08-08 14:17:00-04:00,249.8699951171875
2023-08-08 14:18:00-04:00,250.0500030517578
2023-08-08 14:19:00-04:00,250.0500030517578
2023-08-08 14:20:00-04:00,250.07009887695312
2023-08-08 14:21:00-04:00,249.94000244140625
2023-08-08 14:22:00-04:00,249.76010131835938
2023-08-08 14:23:00-04:00,249.71499633789062
2023-08-08 14:24:00-04:00,249.58999633789062
2023-08-08 14:25:00-04:00,249.5449981689453
2023-08-08 14:26:00-04:00,249.64999389648438
2023-08-08 14:27:00-04:00,249.6750030517578
2023-08-08 14:28:00-04:00,249.58999633789062
2023-08-08 14:29:00-04:00,249.70010375976562
2023-08-08 14:30:00-04:00,249.9499969482422
2023-08-08 14:31:00-04:00,249.82000732421875
2023-08-08 14:32:00-04:00,249.60560607910156
2023-08-08 14:33:00-04:00,249.53990173339844
2023-08-08 14:34:00-04:00,249.60020446777344
2023-08-08 14:35:00-04:00,249.63009643554688
2023-08-08 14:36:00-04:00,249.4949951171875
2023-08-08 14:37:00-04:00,249.31869506835938
2023-08-08 14:38:00-04:00,249.41009521484375
2023-08-08 14:39:00-04:00,249.4550018310547
2023-08-08 14:40:00-04:00,249.45269775390625
2023-08-08 14:41:00-04:00,249.19000244140625
2023-08-08 14:42:00-04:00,249.31500244140625
2023-08-08 14:43:00-04:00,249.21249389648438
2023-08-08 14:44:00-04:00,249.3699951171875
2023-08-08 14:45:00-04:00,249.61000061035156
2023-08-08 14:46:00-04:00,249.49000549316406
2023-08-08 14:47:00-04:00,249.5500030517578
2023-08-08 14:48:00-04:00,249.6488037109375
2023-08-08 14:49:00-04:00,249.83999633789062
2023-08-08 14:50:00-04:00,249.69009399414062
2023-08-08 14:51:00-04:00,249.75999450683594
2023-08-08 14:52:00-04:00,249.6649932861328
2023-08-08 14:53:00-04:00,249.69979858398438
2023-08-08 14:54:00-04:00,249.64999389648438
2023-08-08 14:55:00-04:00,249.83999633789062
2023-08-08 14:56:00-04:00,250.1699981689453
2023-08-08 14:57:00-04:00,250.26170349121094
2023-08-08 14:58:00-04:00,250.17010498046875
2023-08-08 14:59:00-04:00,250.0449981689453
2023-08-08 15:00:00-04:00,249.97500610351562
2023-08-08 15:01:00-04:00,249.92990112304688
2023-08-08 15:02:00-04:00,249.71119689941406
2023-08-08 15:03:00-04:00,249.8800048828125
2023-08-08 15:04:00-04:00,249.97000122070312
2023-08-08 15:05:00-04:00,249.9499053955078
2023-08-08 15:06:00-04:00,250.0500030517578
2023-08-08 15:07:00-04:00,249.8000030517578
2023-08-08 15:08:00-04:00,249.96499633789062
2023-08-08 15:09:00-04:00,249.5800018310547
2023-08-08 15:10:00-04:00,249.4199981689453
2023-08-08 15:11:00-04:00,249.3686065673828
2023-08-08 15:12:00-04:00,249.3249053955078
2023-08-08 15:13:00-04:00,249.27879333496094
2023-08-08 15:14:00-04:00,249.5399932861328
2023-08-08 15:15:00-04:00,249.57000732421875
2023-08-08 15:16:00-04:00,249.16490173339844
2023-08-08 15:17:00-04:00,249.16000366210938
2023-08-08 15:18:00-04:00,249.1999969482422
2023-08-08 15:19:00-04:00,248.9949951171875
2023-08-08 15:20:00-04:00,249.1800994873047
2023-08-08 15:21:00-04:00,249.45289611816406
2023-08-08 15:22:00-04:00,249.75
2023-08-08 15:23:00-04:00,249.5500030517578
2023-08-08 15:24:00-04:00,249.8199005126953
2023-08-08 15:25:00-04:00,249.74899291992188
2023-08-08 15:26:00-04:00,249.60060119628906
2023-08-08 15:27:00-04:00,249.62399291992188
2023-08-08 15:28:00-04:00,249.64999389648438
2023-08-08 15:29:00-04:00,249.5
2023-08-08 15:30:00-04:00,249.14990234375
2023-08-08 15:31:00-04:00,248.84019470214844
2023-08-08 15:32:00-04:00,248.76499938964844
2023-08-08 15:33:00-04:00,248.8907012939453
2023-08-08 15:34:00-04:00,249.2169952392578
2023-08-08 15:35:00-04:00,249.06689453125
2023-08-08 15:36:00-04:00,249.1699981689453
2023-08-08 15:37:00-04:00,249.2100067138672
2023-08-08 15:38:00-04:00,249.27999877929688
2023-08-08 15:39:00-04:00,248.99000549316406
2023-08-08 15:40:00-04:00,249.4499969482422
2023-08-08 15:41:00-04:00,249.37420654296875
2023-08-08 15:42:00-04:00,249.77000427246094
2023-08-08 15:43:00-04:00,249.61000061035156
2023-08-08 15:44:00-04:00,249.6215057373047
2023-08-08 15:45:00-04:00,250.05999755859375
2023-08-08 15:46:00-04:00,249.85000610351562
2023-08-08 15:47:00-04:00,249.8800048828125
2023-08-08 15:48:00-04:00,249.88999938964844
2023-08-08 15:49:00-04:00,249.94700622558594
2023-08-08 15:50:00-04:00,250.22999572753906
2023-08-08 15:51:00-04:00,250.14990234375
2023-08-08 15:52:00-04:00,249.8000030517578
2023-08-08 15:53:00-04:00,249.66000366210938
2023-08-08 15:54:00-04:00,249.7156982421875
2023-08-08 15:55:00-04:00,249.88009643554688
2023-08-08 15:56:00-04:00,249.82000732421875
2023-08-08 15:57:00-04:00,249.8000030517578
2023-08-08 15:58:00-04:00,249.8800048828125
2023-08-08 15:59:00-04:00,249.6199951171875
2023-08-09 09:30:00-04:00,249.55999755859375
2023-08-09 09:31:00-04:00,250.23800659179688
2023-08-09 09:32:00-04:00,249.1887969970703
2023-08-09 09:33:00-04:00,248.74000549316406
2023-08-09 09:34:00-04:00,248.41310119628906
2023-08-09 09:35:00-04:00,248.21499633789062
2023-08-09 09:36:00-04:00,248.57000732421875
2023-08-09 09:37:00-04:00,248.4499969482422
2023-08-09 09:38:00-04:00,248.23269653320312
2023-08-09 09:39:00-04:00,247.74000549316406
2023-08-09 09:40:00-04:00,247.56199645996094
2023-08-09 09:41:00-04:00,247.9199981689453
2023-08-09 09:42:00-04:00,248.6300048828125
2023-08-09 09:43:00-04:00,247.97000122070312
2023-08-09 09:44:00-04:00,247.60000610351562
2023-08-09 09:45:00-04:00,248.2100067138672
2023-08-09 09:46:00-04:00,247.74490356445312
2023-08-09 09:47:00-04:00,248.02999877929688
2023-08-09 09:48:00-04:00,247.53500366210938
2023-08-09 09:49:00-04:00,246.36500549316406
2023-08-09 09:50:00-04:00,245.8699951171875
2023-08-09 09:51:00-04:00,246.2626953125
2023-08-09 09:52:00-04:00,246.3029022216797
2023-08-09 09:53:00-04:00,246.50579833984375
2023-08-09 09:54:00-04:00,246.6999969482422
2023-08-09 09:55:00-04:00,246.82000732421875
2023-08-09 09:56:00-04:00,247.22369384765625
2023-08-09 09:57:00-04:00,247.1999969482422
2023-08-09 09:58:00-04:00,247.25999450683594
2023-08-09 09:59:00-04:00,247.0850067138672
2023-08-09 10:00:00-04:00,248.07000732421875
2023-08-09 10:01:00-04:00,247.96009826660156
2023-08-09 10:02:00-04:00,247.69729614257812
2023-08-09 10:03:00-04:00,247.88009643554688
2023-08-09 10:04:00-04:00,247.91000366210938
2023-08-09 10:05:00-04:00,247.55039978027344
2023-08-09 10:06:00-04:00,247.72999572753906
2023-08-09 10:07:00-04:00,247.41009521484375
2023-08-09 10:08:00-04:00,247.43539428710938
2023-08-09 10:09:00-04:00,247.19000244140625
2023-08-09 10:10:00-04:00,248.11000061035156
2023-08-09 10:11:00-04:00,247.6999969482422
2023-08-09 10:12:00-04:00,247.84190368652344
2023-08-09 10:13:00-04:00,247.72129821777344
2023-08-09 10:14:00-04:00,247.83999633789062
2023-08-09 10:15:00-04:00,247.75999450683594
2023-08-09 10:16:00-04:00,246.8498992919922
2023-08-09 10:17:00-04:00,246.9199981689453
2023-08-09 10:18:00-04:00,247.0449981689453
2023-08-09 10:19:00-04:00,246.83999633789062
2023-08-09 10:20:00-04:00,246.03070068359375
2023-08-09 10:21:00-04:00,245.86839294433594
2023-08-09 10:22:00-04:00,246.15499877929688
2023-08-09 10:23:00-04:00,246.17039489746094
2023-08-09 10:24:00-04:00,246.00379943847656
2023-08-09 10:25:00-04:00,246.3249969482422
2023-08-09 10:26:00-04:00,246.47500610351562
2023-08-09 10:27:00-04:00,246.42999267578125
2023-08-09 10:28:00-04:00,246.58999633789062
2023-08-09 10:29:00-04:00,246.7100067138672
2023-08-09 10:30:00-04:00,247.02569580078125
2023-08-09 10:31:00-04:00,247.09500122070312
2023-08-09 10:32:00-04:00,246.77549743652344
2023-08-09 10:33:00-04:00,246.8699951171875
2023-08-09 10:34:00-04:00,246.1685028076172
2023-08-09 10:35:00-04:00,246.4550018310547
2023-08-09 10:36:00-04:00,246.7899932861328
2023-08-09 10:37:00-04:00,247.01010131835938
2023-08-09 10:38:00-04:00,246.9512939453125
2023-08-09 10:39:00-04:00,246.66000366210938
2023-08-09 10:40:00-04:00,246.50650024414062
2023-08-09 10:41:00-04:00,246.71389770507812
2023-08-09 10:42:00-04:00,246.68499755859375
2023-08-09 10:43:00-04:00,246.94000244140625
2023-08-09 10:44:00-04:00,247.0240020751953
2023-08-09 10:45:00-04:00,246.9405059814453
2023-08-09 10:46:00-04:00,246.93899536132812
2023-08-09 10:47:00-04:00,247.08970642089844
2023-08-09 10:48:00-04:00,246.8699951171875
2023-08-09 10:49:00-04:00,246.5500030517578
2023-08-09 10:50:00-04:00,246.66000366210938
2023-08-09 10:51:00-04:00,245.6529998779297
2023-08-09 10:52:00-04:00,245.38160705566406
2023-08-09 10:53:00-04:00,245.4499969482422
2023-08-09 10:54:00-04:00,245.03720092773438
2023-08-09 10:55:00-04:00,245.1699981689453
2023-08-09 10:56:00-04:00,244.75
2023-08-09 10:57:00-04:00,245.27279663085938
2023-08-09 10:58:00-04:00,245.27999877929688
2023-08-09 10:59:00-04:00,244.885498046875
2023-08-09 11:00:00-04:00,245.1199951171875
2023-08-09 11:01:00-04:00,245.0800018310547
2023-08-09 11:02:00-04:00,245.2801055908203
2023-08-09 11:03:00-04:00,245.25120544433594
2023-08-09 11:04:00-04:00,245.27999877929688
2023-08-09 11:05:00-04:00,245.58999633789062
2023-08-09 11:06:00-04:00,245.44430541992188
2023-08-09 11:07:00-04:00,245.0399932861328
2023-08-09 11:08:00-04:00,245.1999969482422
2023-08-09 11:09:00-04:00,244.98500061035156
2023-08-09 11:10:00-04:00,244.0800018310547
2023-08-09 11:11:00-04:00,243.92999267578125
2023-08-09 11:12:00-04:00,243.15550231933594
2023-08-09 11:13:00-04:00,242.89999389648438
2023-08-09 11:14:00-04:00,242.88999938964844
2023-08-09 11:15:00-04:00,243.10000610351562
2023-08-09 11:16:00-04:00,243.1199951171875
2023-08-09 11:17:00-04:00,242.97999572753906
2023-08-09 11:18:00-04:00,242.89999389648438
2023-08-09 11:19:00-04:00,243.0500030517578
2023-08-09 11:20:00-04:00,243.2100067138672
2023-08-09 11:21:00-04:00,243.35000610351562
2023-08-09 11:22:00-04:00,243.1699981689453
2023-08-09 11:23:00-04:00,243.39999389648438
2023-08-09 11:24:00-04:00,242.97500610351562
2023-08-09 11:25:00-04:00,243.22999572753906
2023-08-09 11:26:00-04:00,243.25010681152344
2023-08-09 11:27:00-04:00,243.1699981689453
2023-08-09 11:28:00-04:00,242.97000122070312
2023-08-09 11:29:00-04:00,243.41929626464844
2023-08-09 11:30:00-04:00,243.48500061035156
2023-08-09 11:31:00-04:00,243.63580322265625
2023-08-09 11:32:00-04:00,243.88999938964844
2023-08-09 11:33:00-04:00,244.1300048828125
2023-08-09 11:34:00-04:00,244.0399932861328
2023-08-09 11:35:00-04:00,244.18800354003906
2023-08-09 11:36:00-04:00,244.13119506835938
2023-08-09 11:37:00-04:00,244.24009704589844
2023-08-09 11:38:00-04:00,244.35000610351562
2023-08-09 11:39:00-04:00,244.75999450683594
2023-08-09 11:40:00-04:00,244.8596954345703
2023-08-09 11:41:00-04:00,244.8699951171875
2023-08-09 11:42:00-04:00,244.4199981689453
2023-08-09 11:43:00-04:00,244.17999267578125
2023-08-09 11:44:00-04:00,244.12510681152344
2023-08-09 11:45:00-04:00,244.35069274902344
2023-08-09 11:46:00-04:00,244.01190185546875
2023-08-09 11:47:00-04:00,244.36000061035156
2023-08-09 11:48:00-04:00,244.1800994873047
2023-08-09 11:49:00-04:00,243.78700256347656
2023-08-09 11:50:00-04:00,243.24000549316406
2023-08-09 11:51:00-04:00,243.5384979248047
2023-08-09 11:52:00-04:00,243.4600067138672
2023-08-09 11:53:00-04:00,243.14999389648438
2023-08-09 11:54:00-04:00,243.66000366210938
2023-08-09 11:55:00-04:00,243.60000610351562
2023-08-09 11:56:00-04:00,243.7899932861328
2023-08-09 11:57:00-04:00,243.4127960205078
2023-08-09 11:58:00-04:00,243.25880432128906
2023-08-09 11:59:00-04:00,243.40499877929688
2023-08-09 12:00:00-04:00,243.49440002441406
2023-08-09 12:01:00-04:00,243.6472930908203
2023-08-09 12:02:00-04:00,243.0153045654297
2023-08-09 12:03:00-04:00,243.2200927734375
2023-08-09 12:04:00-04:00,243.4600067138672
2023-08-09 12:05:00-04:00,243.1842041015625
2023-08-09 12:06:00-04:00,243.35000610351562
2023-08-09 12:07:00-04:00,243.8699951171875
2023-08-09 12:08:00-04:00,243.83999633789062
2023-08-09 12:09:00-04:00,243.6999969482422
2023-08-09 12:10:00-04:00,243.5850067138672
2023-08-09 12:11:00-04:00,243.3571014404297
2023-08-09 12:12:00-04:00,243.7989959716797
2023-08-09 12:13:00-04:00,243.75999450683594
2023-08-09 12:14:00-04:00,243.6999969482422
2023-08-09 12:15:00-04:00,243.84429931640625
2023-08-09 12:16:00-04:00,244.08859252929688
2023-08-09 12:17:00-04:00,243.8101043701172
2023-08-09 12:18:00-04:00,243.9550018310547
2023-08-09 12:19:00-04:00,243.72740173339844
2023-08-09 12:20:00-04:00,243.42999267578125
2023-08-09 12:21:00-04:00,243.21499633789062
2023-08-09 12:22:00-04:00,243.1999053955078
2023-08-09 12:23:00-04:00,243.3927001953125
2023-08-09 12:24:00-04:00,243.5
2023-08-09 12:25:00-04:00,243.4149932861328
2023-08-09 12:26:00-04:00,243.80990600585938
2023-08-09 12:27:00-04:00,243.92489624023438
2023-08-09 12:28:00-04:00,244.19500732421875
2023-08-09 12:29:00-04:00,243.97000122070312
2023-08-09 12:30:00-04:00,244.08990478515625
2023-08-09 12:31:00-04:00,244.42999267578125
2023-08-09 12:32:00-04:00,244.58999633789062
2023-08-09 12:33:00-04:00,244.60499572753906
2023-08-09 12:34:00-04:00,244.3800048828125
2023-08-09 12:35:00-04:00,244.35009765625
2023-08-09 12:36:00-04:00,244.272705078125
2023-08-09 12:37:00-04:00,244.17999267578125
2023-08-09 12:38:00-04:00,244.13999938964844
2023-08-09 12:39:00-04:00,244.2299041748047
2023-08-09 12:40:00-04:00,244.36500549316406
2023-08-09 12:41:00-04:00,244.46499633789062
2023-08-09 12:42:00-04:00,244.4001007080078
2023-08-09 12:43:00-04:00,244.10499572753906
2023-08-09 12:44:00-04:00,243.83999633789062
2023-08-09 12:45:00-04:00,243.47799682617188
2023-08-09 12:46:00-04:00,243.57000732421875
2023-08-09 12:47:00-04:00,243.77999877929688
2023-08-09 12:48:00-04:00,243.8249969482422
2023-08-09 12:49:00-04:00,243.78500366210938
2023-08-09 12:50:00-04:00,243.72500610351562
2023-08-09 12:51:00-04:00,243.9250030517578
2023-08-09 12:52:00-04:00,243.7050018310547
2023-08-09 12:53:00-04:00,243.4499969482422
2023-08-09 12:54:00-04:00,243.61500549316406
2023-08-09 12:55:00-04:00,243.60000610351562
2023-08-09 12:56:00-04:00,243.35000610351562
2023-08-09 12:57:00-04:00,243.11000061035156
2023-08-09 12:58:00-04:00,243.35000610351562
2023-08-09 12:59:00-04:00,243.23500061035156
2023-08-09 13:00:00-04:00,243.2176055908203
2023-08-09 13:01:00-04:00,243.60000610351562
2023-08-09 13:02:00-04:00,243.67999267578125
2023-08-09 13:03:00-04:00,243.64999389648438
2023-08-09 13:04:00-04:00,243.9633026123047
2023-08-09 13:05:00-04:00,244.1999969482422
2023-08-09 13:06:00-04:00,244.11000061035156
2023-08-09 13:07:00-04:00,243.9499969482422
2023-08-09 13:08:00-04:00,244.07000732421875
2023-08-09 13:09:00-04:00,244.07000732421875
2023-08-09 13:10:00-04:00,244.21249389648438
2023-08-09 13:11:00-04:00,244.33999633789062
2023-08-09 13:12:00-04:00,244.72000122070312
2023-08-09 13:13:00-04:00,244.94459533691406
2023-08-09 13:14:00-04:00,245.33700561523438
2023-08-09 13:15:00-04:00,245.4467010498047
2023-08-09 13:16:00-04:00,245.3300018310547
2023-08-09 13:17:00-04:00,245.1999969482422
2023-08-09 13:18:00-04:00,245.35000610351562
2023-08-09 13:19:00-04:00,245.63999938964844
2023-08-09 13:20:00-04:00,245.4199981689453
2023-08-09 13:21:00-04:00,245.38999938964844
2023-08-09 13:22:00-04:00,245.52499389648438
2023-08-09 13:23:00-04:00,245.4250030517578
2023-08-09 13:24:00-04:00,245.36990356445312
2023-08-09 13:25:00-04:00,245.2799072265625
2023-08-09 13:26:00-04:00,245.24989318847656
2023-08-09 13:27:00-04:00,245.2115936279297
2023-08-09 13:28:00-04:00,245.14999389648438
2023-08-09 13:29:00-04:00,245.1699981689453
2023-08-09 13:30:00-04:00,245.3300018310547
2023-08-09 13:31:00-04:00,245.2100067138672
2023-08-09 13:32:00-04:00,245.33999633789062
2023-08-09 13:33:00-04:00,245.13999938964844
2023-08-09 13:34:00-04:00,245.13999938964844
2023-08-09 13:35:00-04:00,245.35000610351562
2023-08-09 13:36:00-04:00,245.31680297851562
2023-08-09 13:37:00-04:00,245.36000061035156
2023-08-09 13:38:00-04:00,245.22000122070312
2023-08-09 13:39:00-04:00,245.35000610351562
2023-08-09 13:40:00-04:00,245.58999633789062
2023-08-09 13:41:00-04:00,245.36000061035156
2023-08-09 13:42:00-04:00,245.16000366210938
2023-08-09 13:43:00-04:00,245.2100067138672
2023-08-09 13:44:00-04:00,245.3282012939453
2023-08-09 13:45:00-04:00,245.10130310058594
2023-08-09 13:46:00-04:00,245.27999877929688
2023-08-09 13:47:00-04:00,244.76499938964844
2023-08-09 13:48:00-04:00,244.89500427246094
2023-08-09 13:49:00-04:00,244.781494140625
2023-08-09 13:50:00-04:00,244.89999389648438
2023-08-09 13:51:00-04:00,244.86000061035156
2023-08-09 13:52:00-04:00,244.94540405273438
2023-08-09 13:53:00-04:00,245.0399932861328
2023-08-09 13:54:00-04:00,245.08990478515625
2023-08-09 13:55:00-04:00,245.07000732421875
2023-08-09 13:56:00-04:00,245.13999938964844
2023-08-09 13:57:00-04:00,245.14810180664062
2023-08-09 13:58:00-04:00,244.97000122070312
2023-08-09 13:59:00-04:00,244.97999572753906
2023-08-09 14:00:00-04:00,244.72000122070312
2023-08-09 14:01:00-04:00,244.7624969482422
2023-08-09 14:02:00-04:00,244.95989990234375
2023-08-09 14:03:00-04:00,245.0399932861328
2023-08-09 14:04:00-04:00,245.24960327148438
2023-08-09 14:05:00-04:00,245.36000061035156
2023-08-09 14:06:00-04:00,245.3459014892578
2023-08-09 14:07:00-04:00,245.25
2023-08-09 14:08:00-04:00,245.2288055419922
2023-08-09 14:09:00-04:00,245.2012939453125
2023-08-09 14:10:00-04:00,245.57870483398438
2023-08-09 14:11:00-04:00,245.57989501953125
2023-08-09 14:12:00-04:00,245.85000610351562
2023-08-09 14:13:00-04:00,245.77499389648438
2023-08-09 14:14:00-04:00,246.01849365234375
2023-08-09 14:15:00-04:00,246.27760314941406
2023-08-09 14:16:00-04:00,246.1199951171875
2023-08-09 14:17:00-04:00,246.1199951171875
2023-08-09 14:18:00-04:00,246.0998992919922
2023-08-09 14:19:00-04:00,246.0998992919922
2023-08-09 14:20:00-04:00,246.34500122070312
2023-08-09 14:21:00-04:00,246.10000610351562
2023-08-09 14:22:00-04:00,245.88499450683594
2023-08-09 14:23:00-04:00,245.86500549316406
2023-08-09 14:24:00-04:00,245.8300018310547
2023-08-09 14:25:00-04:00,245.9250030517578
2023-08-09 14:26:00-04:00,246.00999450683594
2023-08-09 14:27:00-04:00,246.00250244140625
2023-08-09 14:28:00-04:00,246.03500366210938
2023-08-09 14:29:00-04:00,246.05999755859375
2023-08-09 14:30:00-04:00,246.27999877929688
2023-08-09 14:31:00-04:00,246.35000610351562
2023-08-09 14:32:00-04:00,246.21499633789062
2023-08-09 14:33:00-04:00,246.25430297851562
2023-08-09 14:34:00-04:00,246.19039916992188
2023-08-09 14:35:00-04:00,246.44500732421875
2023-08-09 14:36:00-04:00,246.55499267578125
2023-08-09 14:37:00-04:00,246.33999633789062
2023-08-09 14:38:00-04:00,246.23500061035156
2023-08-09 14:39:00-04:00,246.20469665527344
2023-08-09 14:40:00-04:00,245.9600067138672
2023-08-09 14:41:00-04:00,245.89999389648438
2023-08-09 14:42:00-04:00,246.04649353027344
2023-08-09 14:43:00-04:00,246.10470581054688
2023-08-09 14:44:00-04:00,246.10000610351562
2023-08-09 14:45:00-04:00,245.8800048828125
2023-08-09 14:46:00-04:00,245.94000244140625
2023-08-09 14:47:00-04:00,246.0399932861328
2023-08-09 14:48:00-04:00,246.0050048828125
2023-08-09 14:49:00-04:00,246.05999755859375
2023-08-09 14:50:00-04:00,245.61270141601562
2023-08-09 14:51:00-04:00,245.67990112304688
2023-08-09 14:52:00-04:00,245.57989501953125
2023-08-09 14:53:00-04:00,245.19000244140625
2023-08-09 14:54:00-04:00,245.27830505371094
2023-08-09 14:55:00-04:00,245.37049865722656
2023-08-09 14:56:00-04:00,245.41000366210938
2023-08-09 14:57:00-04:00,245.47000122070312
2023-08-09 14:58:00-04:00,245.44000244140625
2023-08-09 14:59:00-04:00,245.17999267578125
2023-08-09 15:00:00-04:00,245.25
2023-08-09 15:01:00-04:00,245.34500122070312
2023-08-09 15:02:00-04:00,245.4801025390625
2023-08-09 15:03:00-04:00,245.1300048828125
2023-08-09 15:04:00-04:00,245.1699981689453
2023-08-09 15:05:00-04:00,244.9600067138672
2023-08-09 15:06:00-04:00,244.97999572753906
2023-08-09 15:07:00-04:00,244.65280151367188
2023-08-09 15:08:00-04:00,244.5
2023-08-09 15:09:00-04:00,244.21499633789062
2023-08-09 15:10:00-04:00,244.014404296875
2023-08-09 15:11:00-04:00,244.0500030517578
2023-08-09 15:12:00-04:00,244.16000366210938
2023-08-09 15:13:00-04:00,244.25
2023-08-09 15:14:00-04:00,244.2200927734375
2023-08-09 15:15:00-04:00,244.2550048828125
2023-08-09 15:16:00-04:00,244.33999633789062
2023-08-09 15:17:00-04:00,244.19000244140625
2023-08-09 15:18:00-04:00,244.2550048828125
2023-08-09 15:19:00-04:00,244.4199981689453
2023-08-09 15:20:00-04:00,244.55999755859375
2023-08-09 15:21:00-04:00,244.64999389648438
2023-08-09 15:22:00-04:00,244.77169799804688
2023-08-09 15:23:00-04:00,244.7949981689453
2023-08-09 15:24:00-04:00,244.77499389648438
2023-08-09 15:25:00-04:00,244.84060668945312
2023-08-09 15:26:00-04:00,244.89999389648438
2023-08-09 15:27:00-04:00,244.96499633789062
2023-08-09 15:28:00-04:00,244.77999877929688
2023-08-09 15:29:00-04:00,244.72500610351562
2023-08-09 15:30:00-04:00,244.72000122070312
2023-08-09 15:31:00-04:00,244.60009765625
2023-08-09 15:32:00-04:00,244.5399932861328
2023-08-09 15:33:00-04:00,244.5399932861328
2023-08-09 15:34:00-04:00,244.69000244140625
2023-08-09 15:35:00-04:00,244.60870361328125
2023-08-09 15:36:00-04:00,244.77999877929688
2023-08-09 15:37:00-04:00,244.5850067138672
2023-08-09 15:38:00-04:00,244.4499969482422
2023-08-09 15:39:00-04:00,244.2100067138672
2023-08-09 15:40:00-04:00,244.2050018310547
2023-08-09 15:41:00-04:00,243.98500061035156
2023-08-09 15:42:00-04:00,244.06919860839844
2023-08-09 15:43:00-04:00,243.8000030517578
2023-08-09 15:44:00-04:00,243.63999938964844
2023-08-09 15:45:00-04:00,243.4678955078125
2023-08-09 15:46:00-04:00,242.910400390625
2023-08-09 15:47:00-04:00,242.9622039794922
2023-08-09 15:48:00-04:00,242.6300048828125
2023-08-09 15:49:00-04:00,242.7550048828125
2023-08-09 15:50:00-04:00,242.82000732421875
2023-08-09 15:51:00-04:00,242.7100067138672
2023-08-09 15:52:00-04:00,242.73849487304688
2023-08-09 15:53:00-04:00,242.6649932861328
2023-08-09 15:54:00-04:00,242.74000549316406
2023-08-09 15:55:00-04:00,242.52499389648438
2023-08-09 15:56:00-04:00,242.4199981689453
2023-08-09 15:57:00-04:00,242.27999877929688
2023-08-09 15:58:00-04:00,242.02999877929688
2023-08-09 15:59:00-04:00,242.19009399414062
2023-08-10 09:30:00-04:00,244.92999267578125
2023-08-10 09:31:00-04:00,246.49000549316406
2023-08-10 09:32:00-04:00,245.21749877929688
2023-08-10 09:33:00-04:00,245.99000549316406
2023-08-10 09:34:00-04:00,246.19000244140625
2023-08-10 09:35:00-04:00,246.91000366210938
2023-08-10 09:36:00-04:00,247.3549041748047
2023-08-10 09:37:00-04:00,247.7899932861328
2023-08-10 09:38:00-04:00,247.9199981689453
2023-08-10 09:39:00-04:00,248.19000244140625
2023-08-10 09:40:00-04:00,248.4488067626953
2023-08-10 09:41:00-04:00,248.30540466308594
2023-08-10 09:42:00-04:00,247.98989868164062
2023-08-10 09:43:00-04:00,247.69500732421875
2023-08-10 09:44:00-04:00,247.8000946044922
2023-08-10 09:45:00-04:00,248.83009338378906
2023-08-10 09:46:00-04:00,248.6199951171875
2023-08-10 09:47:00-04:00,249.08999633789062
2023-08-10 09:48:00-04:00,248.99989318847656
2023-08-10 09:49:00-04:00,249.32200622558594
2023-08-10 09:50:00-04:00,249.72999572753906
2023-08-10 09:51:00-04:00,249.72500610351562
2023-08-10 09:52:00-04:00,250.0
2023-08-10 09:53:00-04:00,249.33999633789062
2023-08-10 09:54:00-04:00,249.68519592285156
2023-08-10 09:55:00-04:00,249.10000610351562
2023-08-10 09:56:00-04:00,249.2899932861328
2023-08-10 09:57:00-04:00,250.08999633789062
2023-08-10 09:58:00-04:00,250.19000244140625
2023-08-10 09:59:00-04:00,250.4949951171875
2023-08-10 10:00:00-04:00,250.87879943847656
2023-08-10 10:01:00-04:00,251.5
2023-08-10 10:02:00-04:00,251.38999938964844
2023-08-10 10:03:00-04:00,251.04429626464844
2023-08-10 10:04:00-04:00,251.42999267578125
2023-08-10 10:05:00-04:00,251.35000610351562
2023-08-10 10:06:00-04:00,250.76629638671875
2023-08-10 10:07:00-04:00,250.22999572753906
2023-08-10 10:08:00-04:00,250.60009765625
2023-08-10 10:09:00-04:00,250.2100067138672
2023-08-10 10:10:00-04:00,250.0800018310547
2023-08-10 10:11:00-04:00,249.9564971923828
2023-08-10 10:12:00-04:00,250.2799072265625
2023-08-10 10:13:00-04:00,249.88999938964844
2023-08-10 10:14:00-04:00,249.80130004882812
2023-08-10 10:15:00-04:00,250.21510314941406
2023-08-10 10:16:00-04:00,250.8614959716797
2023-08-10 10:17:00-04:00,251.00999450683594
2023-08-10 10:18:00-04:00,250.7449951171875
2023-08-10 10:19:00-04:00,250.63999938964844
2023-08-10 10:20:00-04:00,250.5063934326172
2023-08-10 10:21:00-04:00,250.86000061035156
2023-08-10 10:22:00-04:00,250.61000061035156
2023-08-10 10:23:00-04:00,250.9250030517578
2023-08-10 10:24:00-04:00,251.25
2023-08-10 10:25:00-04:00,250.9499969482422
2023-08-10 10:26:00-04:00,250.59500122070312
2023-08-10 10:27:00-04:00,250.75999450683594
2023-08-10 10:28:00-04:00,251.23939514160156
2023-08-10 10:29:00-04:00,250.97329711914062
2023-08-10 10:30:00-04:00,251.30490112304688
2023-08-10 10:31:00-04:00,250.67999267578125
2023-08-10 10:32:00-04:00,250.69000244140625
2023-08-10 10:33:00-04:00,250.9541015625
2023-08-10 10:34:00-04:00,251.14210510253906
2023-08-10 10:35:00-04:00,251.3300018310547
2023-08-10 10:36:00-04:00,251.22000122070312
2023-08-10 10:37:00-04:00,250.10000610351562
2023-08-10 10:38:00-04:00,249.8804931640625
2023-08-10 10:39:00-04:00,250.03500366210938
2023-08-10 10:40:00-04:00,249.4600067138672
2023-08-10 10:41:00-04:00,249.38890075683594
2023-08-10 10:42:00-04:00,249.60000610351562
2023-08-10 10:43:00-04:00,249.17999267578125
2023-08-10 10:44:00-04:00,249.1699981689453
2023-08-10 10:45:00-04:00,248.6199951171875
2023-08-10 10:46:00-04:00,248.44000244140625
2023-08-10 10:47:00-04:00,248.73500061035156
2023-08-10 10:48:00-04:00,249.0
2023-08-10 10:49:00-04:00,249.20179748535156
2023-08-10 10:50:00-04:00,249.15499877929688
2023-08-10 10:51:00-04:00,248.5659942626953
2023-08-10 10:52:00-04:00,249.17449951171875
2023-08-10 10:53:00-04:00,248.94000244140625
2023-08-10 10:54:00-04:00,249.42999267578125
2023-08-10 10:55:00-04:00,249.8300018310547
2023-08-10 10:56:00-04:00,249.78500366210938
2023-08-10 10:57:00-04:00,249.50999450683594
2023-08-10 10:58:00-04:00,249.67999267578125
2023-08-10 10:59:00-04:00,249.25
2023-08-10 11:01:00-04:00,248.67999267578125
2023-08-10 11:02:00-04:00,247.94000244140625
2023-08-10 11:03:00-04:00,248.15989685058594
2023-08-10 11:04:00-04:00,248.02000427246094
2023-08-10 11:05:00-04:00,247.7899932861328
2023-08-10 11:06:00-04:00,247.94000244140625
2023-08-10 11:07:00-04:00,248.3798065185547
2023-08-10 11:08:00-04:00,248.25999450683594
2023-08-10 11:09:00-04:00,247.98779296875
2023-08-10 11:10:00-04:00,247.7949981689453
2023-08-10 11:11:00-04:00,248.2899932861328
2023-08-10 11:12:00-04:00,248.14999389648438
2023-08-10 11:13:00-04:00,247.98500061035156
2023-08-10 11:14:00-04:00,247.5399932861328
2023-08-10 11:15:00-04:00,247.19000244140625
2023-08-10 11:16:00-04:00,246.9700927734375
2023-08-10 11:17:00-04:00,247.30999755859375
2023-08-10 11:18:00-04:00,247.25
2023-08-10 11:19:00-04:00,246.97000122070312
2023-08-10 11:21:00-04:00,246.64999389648438
2023-08-10 11:22:00-04:00,246.66000366210938
2023-08-10 11:23:00-04:00,246.25
2023-08-10 11:24:00-04:00,246.51300048828125
2023-08-10 11:25:00-04:00,246.9398956298828
2023-08-10 11:26:00-04:00,246.92999267578125
2023-08-10 11:27:00-04:00,246.71499633789062
2023-08-10 11:28:00-04:00,246.5095977783203
2023-08-10 11:29:00-04:00,246.6300048828125
2023-08-10 11:30:00-04:00,246.4199981689453
2023-08-10 11:31:00-04:00,246.08900451660156
2023-08-10 11:32:00-04:00,246.36000061035156
2023-08-10 11:33:00-04:00,246.6300048828125
2023-08-10 11:34:00-04:00,246.67999267578125
2023-08-10 11:35:00-04:00,247.0500030517578
2023-08-10 11:36:00-04:00,246.98939514160156
2023-08-10 11:37:00-04:00,247.10079956054688
2023-08-10 11:38:00-04:00,246.92999267578125
2023-08-10 11:39:00-04:00,247.01119995117188
2023-08-10 11:40:00-04:00,247.19000244140625
2023-08-10 11:41:00-04:00,246.27999877929688
2023-08-10 11:42:00-04:00,246.3300018310547
2023-08-10 11:43:00-04:00,245.8800048828125
2023-08-10 11:44:00-04:00,246.01229858398438
2023-08-10 11:45:00-04:00,245.52999877929688
2023-08-10 11:46:00-04:00,245.13999938964844
2023-08-10 11:47:00-04:00,244.89500427246094
2023-08-10 11:48:00-04:00,245.00759887695312
2023-08-10 11:49:00-04:00,245.09759521484375
2023-08-10 11:50:00-04:00,244.75999450683594
2023-08-10 11:51:00-04:00,244.781494140625
2023-08-10 11:52:00-04:00,244.72999572753906
2023-08-10 11:53:00-04:00,244.87989807128906
2023-08-10 11:54:00-04:00,244.99000549316406
2023-08-10 11:55:00-04:00,244.98980712890625
2023-08-10 11:56:00-04:00,245.17999267578125
2023-08-10 11:57:00-04:00,245.17999267578125
2023-08-10 11:58:00-04:00,244.69500732421875
2023-08-10 11:59:00-04:00,244.80999755859375
2023-08-10 12:00:00-04:00,244.74000549316406
2023-08-10 12:01:00-04:00,244.22000122070312
2023-08-10 12:02:00-04:00,244.27999877929688
2023-08-10 12:03:00-04:00,244.6300048828125
2023-08-10 12:04:00-04:00,244.7855987548828
2023-08-10 12:05:00-04:00,244.97000122070312
2023-08-10 12:06:00-04:00,245.36000061035156
2023-08-10 12:07:00-04:00,245.42999267578125
2023-08-10 12:08:00-04:00,245.0800018310547
2023-08-10 12:09:00-04:00,244.94000244140625
2023-08-10 12:10:00-04:00,245.11500549316406
2023-08-10 12:11:00-04:00,244.64999389648438
2023-08-10 12:12:00-04:00,245.24000549316406
2023-08-10 12:13:00-04:00,245.25999450683594
2023-08-10 12:14:00-04:00,245.10000610351562
2023-08-10 12:15:00-04:00,244.97000122070312
2023-08-10 12:16:00-04:00,245.19000244140625
2023-08-10 12:17:00-04:00,244.86500549316406
2023-08-10 12:18:00-04:00,244.96420288085938
2023-08-10 12:19:00-04:00,244.53990173339844
2023-08-10 12:20:00-04:00,245.12989807128906
2023-08-10 12:21:00-04:00,245.05630493164062
2023-08-10 12:22:00-04:00,245.21499633789062
2023-08-10 12:23:00-04:00,245.5489044189453
2023-08-10 12:24:00-04:00,245.3979034423828
2023-08-10 12:25:00-04:00,244.72000122070312
2023-08-10 12:26:00-04:00,244.0301055908203
2023-08-10 12:27:00-04:00,244.0500030517578
2023-08-10 12:28:00-04:00,243.97000122070312
2023-08-10 12:29:00-04:00,244.59010314941406
2023-08-10 12:30:00-04:00,244.9499969482422
2023-08-10 12:31:00-04:00,245.14939880371094
2023-08-10 12:32:00-04:00,245.08999633789062
2023-08-10 12:33:00-04:00,245.13499450683594
2023-08-10 12:34:00-04:00,245.00999450683594
2023-08-10 12:35:00-04:00,244.97500610351562
2023-08-10 12:36:00-04:00,244.89999389648438
2023-08-10 12:37:00-04:00,245.72999572753906
2023-08-10 12:38:00-04:00,245.51010131835938
2023-08-10 12:39:00-04:00,245.66009521484375
2023-08-10 12:40:00-04:00,245.60000610351562
2023-08-10 12:41:00-04:00,245.3903045654297
2023-08-10 12:42:00-04:00,245.3950958251953
2023-08-10 12:43:00-04:00,245.72500610351562
2023-08-10 12:44:00-04:00,245.88499450683594
2023-08-10 12:45:00-04:00,246.1649932861328
2023-08-10 12:46:00-04:00,246.26919555664062
2023-08-10 12:47:00-04:00,246.31790161132812
2023-08-10 12:48:00-04:00,246.1699981689453
2023-08-10 12:49:00-04:00,246.1999969482422
2023-08-10 12:50:00-04:00,246.10000610351562
2023-08-10 12:51:00-04:00,245.7799072265625
2023-08-10 12:52:00-04:00,245.5596923828125
2023-08-10 12:53:00-04:00,245.38999938964844
2023-08-10 12:54:00-04:00,245.36500549316406
2023-08-10 12:55:00-04:00,245.5500030517578
2023-08-10 12:56:00-04:00,245.00999450683594
2023-08-10 12:57:00-04:00,244.92999267578125
2023-08-10 12:58:00-04:00,244.99000549316406
2023-08-10 12:59:00-04:00,245.18719482421875
2023-08-10 13:00:00-04:00,245.44000244140625
2023-08-10 13:01:00-04:00,245.2050018310547
2023-08-10 13:02:00-04:00,244.9600067138672
2023-08-10 13:03:00-04:00,245.00369262695312
2023-08-10 13:04:00-04:00,245.02999877929688
2023-08-10 13:05:00-04:00,245.4499969482422
2023-08-10 13:06:00-04:00,245.0
2023-08-10 13:07:00-04:00,245.1501007080078
2023-08-10 13:08:00-04:00,244.95010375976562
2023-08-10 13:09:00-04:00,245.00599670410156
2023-08-10 13:10:00-04:00,244.875
2023-08-10 13:11:00-04:00,244.92999267578125
2023-08-10 13:12:00-04:00,245.1649932861328
2023-08-10 13:13:00-04:00,245.12989807128906
2023-08-10 13:14:00-04:00,245.28990173339844
2023-08-10 13:15:00-04:00,244.8800048828125
2023-08-10 13:16:00-04:00,245.13499450683594
2023-08-10 13:17:00-04:00,245.0126953125
2023-08-10 13:18:00-04:00,244.9199981689453
2023-08-10 13:19:00-04:00,244.9499969482422
2023-08-10 13:20:00-04:00,244.82000732421875
2023-08-10 13:21:00-04:00,244.5399932861328
2023-08-10 13:22:00-04:00,244.2100067138672
2023-08-10 13:23:00-04:00,244.52999877929688
2023-08-10 13:24:00-04:00,244.7299041748047
2023-08-10 13:25:00-04:00,244.71499633789062
2023-08-10 13:26:00-04:00,244.7100067138672
2023-08-10 13:27:00-04:00,244.72999572753906
2023-08-10 13:28:00-04:00,244.88540649414062
2023-08-10 13:29:00-04:00,244.82000732421875
2023-08-10 13:30:00-04:00,244.7218017578125
2023-08-10 13:31:00-04:00,244.80499267578125
2023-08-10 13:32:00-04:00,244.8249969482422
2023-08-10 13:33:00-04:00,244.66000366210938
2023-08-10 13:34:00-04:00,244.85000610351562
2023-08-10 13:35:00-04:00,244.5998992919922
2023-08-10 13:36:00-04:00,244.42849731445312
2023-08-10 13:37:00-04:00,244.32960510253906
2023-08-10 13:38:00-04:00,244.3050994873047
2023-08-10 13:39:00-04:00,244.3800048828125
2023-08-10 13:40:00-04:00,244.1562042236328
2023-08-10 13:41:00-04:00,243.44000244140625
2023-08-10 13:42:00-04:00,243.1501007080078
2023-08-10 13:43:00-04:00,243.0800018310547
2023-08-10 13:44:00-04:00,243.39999389648438
2023-08-10 13:45:00-04:00,243.65499877929688
2023-08-10 13:46:00-04:00,244.0800018310547
2023-08-10 13:47:00-04:00,244.27499389648438
2023-08-10 13:48:00-04:00,244.42999267578125
2023-08-10 13:49:00-04:00,244.3842010498047
2023-08-10 13:50:00-04:00,244.50999450683594
2023-08-10 13:51:00-04:00,244.8300018310547
2023-08-10 13:52:00-04:00,244.8300018310547
2023-08-10 13:53:00-04:00,244.50010681152344
2023-08-10 13:54:00-04:00,244.50999450683594
2023-08-10 13:55:00-04:00,244.2550048828125
2023-08-10 13:56:00-04:00,244.12989807128906
2023-08-10 13:57:00-04:00,243.7530975341797
2023-08-10 13:58:00-04:00,243.74989318847656
2023-08-10 13:59:00-04:00,243.96119689941406
2023-08-10 14:00:00-04:00,244.0998992919922
2023-08-10 14:01:00-04:00,244.40870666503906
2023-08-10 14:02:00-04:00,244.36000061035156
2023-08-10 14:03:00-04:00,244.52630615234375
2023-08-10 14:04:00-04:00,244.52000427246094
2023-08-10 14:05:00-04:00,244.79690551757812
2023-08-10 14:06:00-04:00,244.9550018310547
2023-08-10 14:07:00-04:00,244.85000610351562
2023-08-10 14:08:00-04:00,244.94000244140625
2023-08-10 14:09:00-04:00,244.89999389648438
2023-08-10 14:10:00-04:00,245.24000549316406
2023-08-10 14:11:00-04:00,244.91200256347656
2023-08-10 14:12:00-04:00,245.07000732421875
2023-08-10 14:13:00-04:00,245.0386962890625
2023-08-10 14:14:00-04:00,245.40249633789062
2023-08-10 14:15:00-04:00,245.7156982421875
2023-08-10 14:16:00-04:00,245.64210510253906
2023-08-10 14:17:00-04:00,245.639892578125
2023-08-10 14:18:00-04:00,245.5399932861328
2023-08-10 14:19:00-04:00,245.4001007080078
2023-08-10 14:20:00-04:00,245.4134063720703
2023-08-10 14:21:00-04:00,245.48800659179688
2023-08-10 14:22:00-04:00,245.5800018310547
2023-08-10 14:23:00-04:00,245.83999633789062
2023-08-10 14:24:00-04:00,245.66000366210938
2023-08-10 14:25:00-04:00,245.80880737304688
2023-08-10 14:26:00-04:00,245.4398956298828
2023-08-10 14:27:00-04:00,245.39500427246094
2023-08-10 14:28:00-04:00,245.6699981689453
2023-08-10 14:29:00-04:00,245.47999572753906
2023-08-10 14:30:00-04:00,245.67999267578125
2023-08-10 14:31:00-04:00,245.47000122070312
2023-08-10 14:32:00-04:00,245.34500122070312
2023-08-10 14:33:00-04:00,245.60150146484375
2023-08-10 14:34:00-04:00,245.35499572753906
2023-08-10 14:35:00-04:00,245.0500030517578
2023-08-10 14:36:00-04:00,245.3000030517578
2023-08-10 14:37:00-04:00,245.0800018310547
2023-08-10 14:38:00-04:00,245.3000030517578
2023-08-10 14:39:00-04:00,245.2677001953125
2023-08-10 14:40:00-04:00,244.50050354003906
2023-08-10 14:41:00-04:00,244.47000122070312
2023-08-10 14:42:00-04:00,244.22999572753906
2023-08-10 14:43:00-04:00,244.360107421875
2023-08-10 14:44:00-04:00,244.50999450683594
2023-08-10 14:45:00-04:00,244.4499969482422
2023-08-10 14:46:00-04:00,244.3199005126953
2023-08-10 14:47:00-04:00,244.80490112304688
2023-08-10 14:48:00-04:00,244.64889526367188
2023-08-10 14:49:00-04:00,244.49000549316406
2023-08-10 14:50:00-04:00,244.6699981689453
2023-08-10 14:51:00-04:00,245.0135040283203
2023-08-10 14:52:00-04:00,245.32000732421875
2023-08-10 14:53:00-04:00,245.218994140625
2023-08-10 14:54:00-04:00,245.32000732421875
2023-08-10 14:55:00-04:00,245.3560028076172
2023-08-10 14:56:00-04:00,245.33059692382812
2023-08-10 14:57:00-04:00,245.5399932861328
2023-08-10 14:58:00-04:00,245.66000366210938
2023-08-10 14:59:00-04:00,245.5399932861328
2023-08-10 15:00:00-04:00,245.0800018310547
2023-08-10 15:01:00-04:00,244.9199981689453
2023-08-10 15:02:00-04:00,244.83999633789062
2023-08-10 15:03:00-04:00,245.00010681152344
2023-08-10 15:04:00-04:00,245.07000732421875
2023-08-10 15:05:00-04:00,244.94020080566406
2023-08-10 15:06:00-04:00,245.1199951171875
2023-08-10 15:07:00-04:00,245.1342010498047
2023-08-10 15:08:00-04:00,245.10000610351562
2023-08-10 15:09:00-04:00,245.19009399414062
2023-08-10 15:10:00-04:00,245.66000366210938
2023-08-10 15:11:00-04:00,245.5800018310547
2023-08-10 15:12:00-04:00,246.0
2023-08-10 15:13:00-04:00,245.95989990234375
2023-08-10 15:14:00-04:00,245.9658966064453
2023-08-10 15:15:00-04:00,246.0417022705078
2023-08-10 15:16:00-04:00,246.08050537109375
2023-08-10 15:17:00-04:00,246.13999938964844
2023-08-10 15:18:00-04:00,246.0800018310547
2023-08-10 15:19:00-04:00,246.02000427246094
2023-08-10 15:20:00-04:00,245.59970092773438
2023-08-10 15:21:00-04:00,246.0449981689453
2023-08-10 15:22:00-04:00,246.03680419921875
2023-08-10 15:23:00-04:00,245.94000244140625
2023-08-10 15:24:00-04:00,246.0
2023-08-10 15:25:00-04:00,245.66659545898438
2023-08-10 15:26:00-04:00,245.5399932861328
2023-08-10 15:27:00-04:00,245.57000732421875
2023-08-10 15:28:00-04:00,245.08529663085938
2023-08-10 15:29:00-04:00,245.02000427246094
2023-08-10 15:30:00-04:00,245.07000732421875
2023-08-10 15:31:00-04:00,244.9001007080078
2023-08-10 15:32:00-04:00,244.85000610351562
2023-08-10 15:33:00-04:00,244.72500610351562
2023-08-10 15:34:00-04:00,244.8699951171875
2023-08-10 15:35:00-04:00,244.92999267578125
2023-08-10 15:36:00-04:00,244.8657989501953
2023-08-10 15:37:00-04:00,245.14149475097656
2023-08-10 15:38:00-04:00,245.38999938964844
2023-08-10 15:39:00-04:00,245.2899932861328
2023-08-10 15:40:00-04:00,245.05999755859375
2023-08-10 15:41:00-04:00,244.94000244140625
2023-08-10 15:42:00-04:00,244.5
2023-08-10 15:43:00-04:00,244.50999450683594
2023-08-10 15:44:00-04:00,244.62429809570312
2023-08-10 15:45:00-04:00,244.52999877929688
2023-08-10 15:46:00-04:00,244.86090087890625
2023-08-10 15:47:00-04:00,245.02999877929688
2023-08-10 15:48:00-04:00,244.97999572753906
2023-08-10 15:49:00-04:00,245.02000427246094
2023-08-10 15:50:00-04:00,245.44830322265625
2023-08-10 15:51:00-04:00,245.61900329589844
2023-08-10 15:52:00-04:00,245.6999969482422
2023-08-10 15:53:00-04:00,245.52330017089844
2023-08-10 15:54:00-04:00,245.58999633789062
2023-08-10 15:55:00-04:00,245.55999755859375
2023-08-10 15:56:00-04:00,245.58999633789062
2023-08-10 15:57:00-04:00,245.4600067138672
2023-08-10 15:58:00-04:00,245.36000061035156
2023-08-10 15:59:00-04:00,245.3699951171875
2023-08-11 09:30:00-04:00,241.08250427246094
2023-08-11 09:31:00-04:00,240.35670471191406
2023-08-11 09:32:00-04:00,240.83999633789062
2023-08-11 09:33:00-04:00,240.82000732421875
2023-08-11 09:34:00-04:00,241.46800231933594
2023-08-11 09:35:00-04:00,241.5800018310547
2023-08-11 09:36:00-04:00,242.5446014404297
2023-08-11 09:37:00-04:00,242.0800018310547
2023-08-11 09:38:00-04:00,241.3300018310547
2023-08-11 09:39:00-04:00,241.1699981689453
2023-08-11 09:40:00-04:00,240.69500732421875
2023-08-11 09:41:00-04:00,240.27049255371094
2023-08-11 09:42:00-04:00,239.11000061035156
2023-08-11 09:43:00-04:00,239.15440368652344
2023-08-11 09:44:00-04:00,239.30149841308594
2023-08-11 09:45:00-04:00,238.89999389648438
2023-08-11 09:46:00-04:00,239.2198944091797
2023-08-11 09:47:00-04:00,239.7299041748047
2023-08-11 09:48:00-04:00,239.4600067138672
2023-08-11 09:49:00-04:00,239.27000427246094
2023-08-11 09:50:00-04:00,239.32000732421875
2023-08-11 09:51:00-04:00,239.38999938964844
2023-08-11 09:52:00-04:00,238.5836944580078
2023-08-11 09:53:00-04:00,239.25999450683594
2023-08-11 09:54:00-04:00,239.30999755859375
2023-08-11 09:55:00-04:00,239.6699981689453
2023-08-11 09:56:00-04:00,239.72999572753906
2023-08-11 09:57:00-04:00,239.7899932861328
2023-08-11 09:58:00-04:00,239.5718994140625
2023-08-11 09:59:00-04:00,239.5207977294922
2023-08-11 10:00:00-04:00,240.3800048828125
2023-08-11 10:01:00-04:00,240.65919494628906
2023-08-11 10:02:00-04:00,240.7100067138672
2023-08-11 10:03:00-04:00,240.8961944580078
2023-08-11 10:04:00-04:00,241.0399932861328
2023-08-11 10:05:00-04:00,241.4199981689453
2023-08-11 10:06:00-04:00,240.9490966796875
2023-08-11 10:07:00-04:00,240.76010131835938
2023-08-11 10:08:00-04:00,241.12010192871094
2023-08-11 10:09:00-04:00,241.0500030517578
2023-08-11 10:10:00-04:00,240.7100067138672
2023-08-11 10:11:00-04:00,240.61000061035156
2023-08-11 10:12:00-04:00,241.13319396972656
2023-08-11 10:13:00-04:00,241.38429260253906
2023-08-11 10:14:00-04:00,241.39999389648438
2023-08-11 10:15:00-04:00,241.4600067138672
2023-08-11 10:16:00-04:00,241.1562042236328
2023-08-11 10:17:00-04:00,240.89999389648438
2023-08-11 10:18:00-04:00,240.9199981689453
2023-08-11 10:19:00-04:00,240.8800048828125
2023-08-11 10:20:00-04:00,241.28990173339844
2023-08-11 10:21:00-04:00,241.26499938964844
2023-08-11 10:22:00-04:00,241.08999633789062
2023-08-11 10:23:00-04:00,241.18850708007812
2023-08-11 10:24:00-04:00,241.57110595703125
2023-08-11 10:25:00-04:00,241.26010131835938
2023-08-11 10:26:00-04:00,241.2100067138672
2023-08-11 10:27:00-04:00,241.14010620117188
2023-08-11 10:28:00-04:00,241.02000427246094
2023-08-11 10:29:00-04:00,240.94000244140625
2023-08-11 10:30:00-04:00,240.86000061035156
2023-08-11 10:31:00-04:00,240.77000427246094
2023-08-11 10:32:00-04:00,240.4499969482422
2023-08-11 10:33:00-04:00,239.99000549316406
2023-08-11 10:34:00-04:00,240.1300048828125
2023-08-11 10:35:00-04:00,240.33999633789062
2023-08-11 10:36:00-04:00,240.10000610351562
2023-08-11 10:37:00-04:00,240.4499969482422
2023-08-11 10:38:00-04:00,240.36500549316406
2023-08-11 10:39:00-04:00,240.7050018310547
2023-08-11 10:40:00-04:00,241.5399932861328
2023-08-11 10:41:00-04:00,241.24009704589844
2023-08-11 10:42:00-04:00,241.14999389648438
2023-08-11 10:43:00-04:00,241.1699981689453
2023-08-11 10:44:00-04:00,241.1011962890625
2023-08-11 10:45:00-04:00,241.24000549316406
2023-08-11 10:46:00-04:00,241.3699951171875
2023-08-11 10:47:00-04:00,241.67990112304688
2023-08-11 10:48:00-04:00,241.39999389648438
2023-08-11 10:49:00-04:00,241.6313934326172
2023-08-11 10:50:00-04:00,241.11000061035156
2023-08-11 10:51:00-04:00,241.268798828125
2023-08-11 10:52:00-04:00,241.1649932861328
2023-08-11 10:53:00-04:00,241.11000061035156
2023-08-11 10:54:00-04:00,241.4550018310547
2023-08-11 10:55:00-04:00,241.76499938964844
2023-08-11 10:56:00-04:00,242.1199951171875
2023-08-11 10:57:00-04:00,242.14999389648438
2023-08-11 10:58:00-04:00,241.85000610351562
2023-08-11 10:59:00-04:00,242.02000427246094
2023-08-11 11:00:00-04:00,242.32000732421875
2023-08-11 11:01:00-04:00,242.30259704589844
2023-08-11 11:02:00-04:00,242.36000061035156
2023-08-11 11:03:00-04:00,242.33999633789062
2023-08-11 11:04:00-04:00,242.25999450683594
2023-08-11 11:05:00-04:00,242.39999389648438
2023-08-11 11:07:00-04:00,241.5399932861328
2023-08-11 11:08:00-04:00,241.74000549316406
2023-08-11 11:09:00-04:00,241.97999572753906
2023-08-11 11:10:00-04:00,241.93519592285156
2023-08-11 11:11:00-04:00,241.3249969482422
2023-08-11 11:12:00-04:00,241.5966033935547
2023-08-11 11:13:00-04:00,241.6300048828125
2023-08-11 11:14:00-04:00,241.59629821777344
2023-08-11 11:15:00-04:00,241.07000732421875
2023-08-11 11:16:00-04:00,241.3000030517578
2023-08-11 11:17:00-04:00,241.1699981689453
2023-08-11 11:18:00-04:00,241.3699951171875
2023-08-11 11:19:00-04:00,241.6300048828125
2023-08-11 11:20:00-04:00,241.61309814453125
2023-08-11 11:21:00-04:00,241.52499389648438
2023-08-11 11:22:00-04:00,241.14010620117188
2023-08-11 11:23:00-04:00,240.6300048828125
2023-08-11 11:24:00-04:00,240.77999877929688
2023-08-11 11:25:00-04:00,240.86000061035156
2023-08-11 11:26:00-04:00,240.97000122070312
2023-08-11 11:27:00-04:00,240.89999389648438
2023-08-11 11:28:00-04:00,240.88999938964844
2023-08-11 11:29:00-04:00,240.69000244140625
2023-08-11 11:30:00-04:00,240.8300018310547
2023-08-11 11:31:00-04:00,240.37010192871094
2023-08-11 11:32:00-04:00,240.3800048828125
2023-08-11 11:33:00-04:00,240.1826934814453
2023-08-11 11:34:00-04:00,239.89999389648438
2023-08-11 11:35:00-04:00,240.1260986328125
2023-08-11 11:36:00-04:00,240.1999969482422
2023-08-11 11:37:00-04:00,240.2100067138672
2023-08-11 11:38:00-04:00,240.57989501953125
2023-08-11 11:39:00-04:00,240.37840270996094
2023-08-11 11:40:00-04:00,240.33250427246094
2023-08-11 11:41:00-04:00,240.6999969482422
2023-08-11 11:42:00-04:00,240.5301055908203
2023-08-11 11:43:00-04:00,240.6300048828125
2023-08-11 11:44:00-04:00,240.63999938964844
2023-08-11 11:45:00-04:00,240.3800048828125
2023-08-11 11:46:00-04:00,239.77999877929688
2023-08-11 11:47:00-04:00,239.86000061035156
2023-08-11 11:48:00-04:00,239.5050048828125
2023-08-11 11:49:00-04:00,239.7949981689453
2023-08-11 11:50:00-04:00,239.7299041748047
2023-08-11 11:51:00-04:00,239.77000427246094
2023-08-11 11:52:00-04:00,239.41000366210938
2023-08-11 11:53:00-04:00,239.63999938964844
2023-08-11 11:54:00-04:00,239.8466033935547
2023-08-11 11:55:00-04:00,239.94500732421875
2023-08-11 11:56:00-04:00,240.22000122070312
2023-08-11 11:57:00-04:00,240.3303985595703
2023-08-11 11:58:00-04:00,240.3699951171875
2023-08-11 11:59:00-04:00,240.42990112304688
2023-08-11 12:00:00-04:00,240.47250366210938
2023-08-11 12:01:00-04:00,240.57000732421875
2023-08-11 12:02:00-04:00,240.52000427246094
2023-08-11 12:03:00-04:00,240.3809051513672
2023-08-11 12:04:00-04:00,240.61000061035156
2023-08-11 12:05:00-04:00,241.03799438476562
2023-08-11 12:06:00-04:00,241.2899932861328
2023-08-11 12:07:00-04:00,241.22500610351562
2023-08-11 12:08:00-04:00,241.22999572753906
2023-08-11 12:09:00-04:00,241.22999572753906
2023-08-11 12:10:00-04:00,241.2154998779297
2023-08-11 12:11:00-04:00,241.14999389648438
2023-08-11 12:12:00-04:00,241.4149932861328
2023-08-11 12:13:00-04:00,241.5500030517578
2023-08-11 12:14:00-04:00,241.8553009033203
2023-08-11 12:15:00-04:00,241.92999267578125
2023-08-11 12:16:00-04:00,241.75
2023-08-11 12:17:00-04:00,241.85000610351562
2023-08-11 12:18:00-04:00,241.88999938964844
2023-08-11 12:19:00-04:00,241.85000610351562
2023-08-11 12:20:00-04:00,241.68539428710938
2023-08-11 12:21:00-04:00,241.8686065673828
2023-08-11 12:22:00-04:00,242.04010009765625
2023-08-11 12:23:00-04:00,242.02000427246094
2023-08-11 12:24:00-04:00,241.7899932861328
2023-08-11 12:25:00-04:00,241.67999267578125
2023-08-11 12:26:00-04:00,241.3822021484375
2023-08-11 12:27:00-04:00,241.66000366210938
2023-08-11 12:28:00-04:00,241.94000244140625
2023-08-11 12:29:00-04:00,242.37550354003906
2023-08-11 12:30:00-04:00,242.8184051513672
2023-08-11 12:31:00-04:00,242.75999450683594
2023-08-11 12:32:00-04:00,243.08990478515625
2023-08-11 12:33:00-04:00,242.99000549316406
2023-08-11 12:34:00-04:00,242.74000549316406
2023-08-11 12:35:00-04:00,242.5413055419922
2023-08-11 12:36:00-04:00,242.63009643554688
2023-08-11 12:37:00-04:00,242.3699951171875
2023-08-11 12:38:00-04:00,242.1501007080078
2023-08-11 12:39:00-04:00,241.8199005126953
2023-08-11 12:40:00-04:00,241.9499969482422
2023-08-11 12:41:00-04:00,242.28460693359375
2023-08-11 12:42:00-04:00,241.98519897460938
2023-08-11 12:43:00-04:00,241.9792022705078
2023-08-11 12:44:00-04:00,241.71009826660156
2023-08-11 12:45:00-04:00,242.0843048095703
2023-08-11 12:46:00-04:00,242.1571044921875
2023-08-11 12:47:00-04:00,241.87989807128906
2023-08-11 12:48:00-04:00,241.7572021484375
2023-08-11 12:49:00-04:00,241.6750030517578
2023-08-11 12:50:00-04:00,241.63119506835938
2023-08-11 12:51:00-04:00,241.7899932861328
2023-08-11 12:52:00-04:00,241.5500030517578
2023-08-11 12:53:00-04:00,241.77499389648438
2023-08-11 12:54:00-04:00,241.5500030517578
2023-08-11 12:55:00-04:00,241.5998992919922
2023-08-11 12:56:00-04:00,241.38009643554688
2023-08-11 12:57:00-04:00,241.63380432128906
2023-08-11 12:58:00-04:00,241.80810546875
2023-08-11 12:59:00-04:00,241.75
2023-08-11 13:00:00-04:00,241.83999633789062
2023-08-11 13:01:00-04:00,241.73989868164062
2023-08-11 13:02:00-04:00,241.88999938964844
2023-08-11 13:03:00-04:00,241.97720336914062
2023-08-11 13:04:00-04:00,241.9199981689453
2023-08-11 13:05:00-04:00,241.36849975585938
2023-08-11 13:07:00-04:00,240.83999633789062
2023-08-11 13:08:00-04:00,241.07000732421875
2023-08-11 13:09:00-04:00,241.0
2023-08-11 13:10:00-04:00,241.156494140625
2023-08-11 13:11:00-04:00,241.0998992919922
2023-08-11 13:12:00-04:00,241.22860717773438
2023-08-11 13:13:00-04:00,241.18499755859375
2023-08-11 13:14:00-04:00,240.9499969482422
2023-08-11 13:15:00-04:00,241.02000427246094
2023-08-11 13:16:00-04:00,241.16000366210938
2023-08-11 13:17:00-04:00,241.1300048828125
2023-08-11 13:18:00-04:00,241.29750061035156
2023-08-11 13:19:00-04:00,241.2209930419922
2023-08-11 13:20:00-04:00,241.4199981689453
2023-08-11 13:21:00-04:00,241.30999755859375
2023-08-11 13:22:00-04:00,241.2899932861328
2023-08-11 13:23:00-04:00,241.42999267578125
2023-08-11 13:24:00-04:00,241.4499969482422
2023-08-11 13:25:00-04:00,241.77999877929688
2023-08-11 13:26:00-04:00,242.03070068359375
2023-08-11 13:27:00-04:00,242.18499755859375
2023-08-11 13:28:00-04:00,242.33999633789062
2023-08-11 13:29:00-04:00,242.38999938964844
2023-08-11 13:30:00-04:00,242.439697265625
2023-08-11 13:31:00-04:00,242.38499450683594
2023-08-11 13:32:00-04:00,242.4199981689453
2023-08-11 13:33:00-04:00,242.52999877929688
2023-08-11 13:34:00-04:00,242.52999877929688
2023-08-11 13:35:00-04:00,242.61000061035156
2023-08-11 13:36:00-04:00,242.47999572753906
2023-08-11 13:37:00-04:00,242.4149932861328
2023-08-11 13:38:00-04:00,242.13999938964844
2023-08-11 13:39:00-04:00,242.27000427246094
2023-08-11 13:40:00-04:00,242.46499633789062
2023-08-11 13:41:00-04:00,242.0500946044922
2023-08-11 13:42:00-04:00,241.8751983642578
2023-08-11 13:43:00-04:00,241.8155975341797
2023-08-11 13:44:00-04:00,242.02720642089844
2023-08-11 13:45:00-04:00,242.08999633789062
2023-08-11 13:46:00-04:00,242.01010131835938
2023-08-11 13:47:00-04:00,241.78179931640625
2023-08-11 13:48:00-04:00,241.6199951171875
2023-08-11 13:49:00-04:00,241.66580200195312
2023-08-11 13:50:00-04:00,241.55990600585938
2023-08-11 13:51:00-04:00,241.50880432128906
2023-08-11 13:52:00-04:00,241.6215057373047
2023-08-11 13:53:00-04:00,241.77630615234375
2023-08-11 13:54:00-04:00,241.85499572753906
2023-08-11 13:55:00-04:00,241.74009704589844
2023-08-11 13:56:00-04:00,241.54010009765625
2023-08-11 13:57:00-04:00,241.52940368652344
2023-08-11 13:58:00-04:00,241.77490234375
2023-08-11 13:59:00-04:00,242.02999877929688
2023-08-11 14:00:00-04:00,242.19000244140625
2023-08-11 14:01:00-04:00,242.22999572753906
2023-08-11 14:02:00-04:00,242.4550018310547
2023-08-11 14:03:00-04:00,242.39999389648438
2023-08-11 14:04:00-04:00,242.38369750976562
2023-08-11 14:05:00-04:00,242.6593017578125
2023-08-11 14:06:00-04:00,242.6215057373047
2023-08-11 14:07:00-04:00,242.56809997558594
2023-08-11 14:08:00-04:00,242.5399932861328
2023-08-11 14:09:00-04:00,242.38999938964844
2023-08-11 14:10:00-04:00,242.41879272460938
2023-08-11 14:11:00-04:00,242.16419982910156
2023-08-11 14:12:00-04:00,242.16000366210938
2023-08-11 14:13:00-04:00,242.22999572753906
2023-08-11 14:14:00-04:00,242.22500610351562
2023-08-11 14:15:00-04:00,242.30999755859375
2023-08-11 14:16:00-04:00,242.41000366210938
2023-08-11 14:17:00-04:00,242.58999633789062
2023-08-11 14:18:00-04:00,242.71229553222656
2023-08-11 14:19:00-04:00,242.75999450683594
2023-08-11 14:20:00-04:00,242.5399932861328
2023-08-11 14:21:00-04:00,242.4687957763672
2023-08-11 14:22:00-04:00,242.50999450683594
2023-08-11 14:23:00-04:00,242.64999389648438
2023-08-11 14:24:00-04:00,242.88150024414062
2023-08-11 14:25:00-04:00,242.88490295410156
2023-08-11 14:26:00-04:00,242.7100067138672
2023-08-11 14:27:00-04:00,242.75010681152344
2023-08-11 14:28:00-04:00,242.75
2023-08-11 14:29:00-04:00,242.66000366210938
2023-08-11 14:30:00-04:00,242.84500122070312
2023-08-11 14:31:00-04:00,243.07000732421875
2023-08-11 14:32:00-04:00,243.10000610351562
2023-08-11 14:33:00-04:00,242.97000122070312
2023-08-11 14:34:00-04:00,242.9499969482422
2023-08-11 14:35:00-04:00,242.8300018310547
2023-08-11 14:36:00-04:00,242.9207000732422
2023-08-11 14:37:00-04:00,243.1699981689453
2023-08-11 14:38:00-04:00,243.42149353027344
2023-08-11 14:39:00-04:00,243.49000549316406
2023-08-11 14:40:00-04:00,243.4398956298828
2023-08-11 14:41:00-04:00,243.39999389648438
2023-08-11 14:42:00-04:00,243.27960205078125
2023-08-11 14:43:00-04:00,242.87010192871094
2023-08-11 14:44:00-04:00,242.92999267578125
2023-08-11 14:45:00-04:00,243.06350708007812
2023-08-11 14:46:00-04:00,243.09719848632812
2023-08-11 14:47:00-04:00,243.30999755859375
2023-08-11 14:48:00-04:00,243.30299377441406
2023-08-11 14:49:00-04:00,243.2823028564453
2023-08-11 14:50:00-04:00,243.48989868164062
2023-08-11 14:51:00-04:00,243.3699951171875
2023-08-11 14:52:00-04:00,243.75840759277344
2023-08-11 14:53:00-04:00,243.64999389648438
2023-08-11 14:54:00-04:00,243.41000366210938
2023-08-11 14:55:00-04:00,243.50990295410156
2023-08-11 14:56:00-04:00,243.52999877929688
2023-08-11 14:57:00-04:00,243.50999450683594
2023-08-11 14:58:00-04:00,243.69000244140625
2023-08-11 14:59:00-04:00,243.63499450683594
2023-08-11 15:00:00-04:00,243.21890258789062
2023-08-11 15:01:00-04:00,243.2100067138672
2023-08-11 15:02:00-04:00,242.97999572753906
2023-08-11 15:03:00-04:00,243.0500030517578
2023-08-11 15:04:00-04:00,243.19740295410156
2023-08-11 15:05:00-04:00,242.97500610351562
2023-08-11 15:06:00-04:00,243.11500549316406
2023-08-11 15:07:00-04:00,242.9499969482422
2023-08-11 15:08:00-04:00,242.82000732421875
2023-08-11 15:09:00-04:00,242.54910278320312
2023-08-11 15:10:00-04:00,242.5164031982422
2023-08-11 15:11:00-04:00,242.68699645996094
2023-08-11 15:12:00-04:00,242.67999267578125
2023-08-11 15:13:00-04:00,242.5699005126953
2023-08-11 15:14:00-04:00,242.5399932861328
2023-08-11 15:15:00-04:00,242.66000366210938
2023-08-11 15:16:00-04:00,242.57040405273438
2023-08-11 15:17:00-04:00,242.6999969482422
2023-08-11 15:18:00-04:00,242.8022003173828
2023-08-11 15:19:00-04:00,242.6501007080078
2023-08-11 15:20:00-04:00,242.5
2023-08-11 15:21:00-04:00,242.67999267578125
2023-08-11 15:22:00-04:00,242.5780029296875
2023-08-11 15:23:00-04:00,242.7449951171875
2023-08-11 15:24:00-04:00,242.9384002685547
2023-08-11 15:25:00-04:00,243.04530334472656
2023-08-11 15:26:00-04:00,242.97000122070312
2023-08-11 15:27:00-04:00,243.02999877929688
2023-08-11 15:28:00-04:00,243.0299072265625
2023-08-11 15:29:00-04:00,242.9600067138672
2023-08-11 15:30:00-04:00,242.7899932861328
2023-08-11 15:31:00-04:00,242.77499389648438
2023-08-11 15:32:00-04:00,242.9199981689453
2023-08-11 15:33:00-04:00,242.9600067138672
2023-08-11 15:34:00-04:00,242.85000610351562
2023-08-11 15:35:00-04:00,242.47000122070312
2023-08-11 15:36:00-04:00,242.38999938964844
2023-08-11 15:37:00-04:00,242.3820037841797
2023-08-11 15:38:00-04:00,242.5
2023-08-11 15:39:00-04:00,242.46499633789062
2023-08-11 15:40:00-04:00,242.10000610351562
2023-08-11 15:41:00-04:00,242.2799072265625
2023-08-11 15:42:00-04:00,242.42999267578125
2023-08-11 15:43:00-04:00,242.33999633789062
2023-08-11 15:44:00-04:00,242.3800048828125
2023-08-11 15:45:00-04:00,242.22999572753906
2023-08-11 15:46:00-04:00,242.1699981689453
2023-08-11 15:47:00-04:00,242.33999633789062
2023-08-11 15:48:00-04:00,242.35000610351562
2023-08-11 15:49:00-04:00,242.5500030517578
2023-08-11 15:50:00-04:00,242.35000610351562
2023-08-11 15:51:00-04:00,242.47860717773438
2023-08-11 15:52:00-04:00,242.61099243164062
2023-08-11 15:53:00-04:00,242.72999572753906
2023-08-11 15:54:00-04:00,242.57009887695312
2023-08-11 15:55:00-04:00,242.4600067138672
2023-08-11 15:56:00-04:00,242.42999267578125
2023-08-11 15:57:00-04:00,242.59500122070312
2023-08-11 15:58:00-04:00,242.52999877929688
2023-08-11 15:59:00-04:00,242.64999389648438
